transaction_id,project_name,district,price,area_sqft,psf,sale_date,sale_type,tenure
TXN01258,The Botanica,D23,950000,642.6,1478.36,2022-05-03,New Sale,Freehold
TXN01634,The Botanica,D23,1060000,807.0,1313.51,2025-09-24,Resale,Freehold
TXN00209,The Botanica,D23,1690000,1131.29,1493.88,2024-02-19,New Sale,Freehold
TXN00991,Skyline Residences,D19,1580000,827.0,1910.52,2022-06-26,Resale,99 yrs
TXN00940,Harbourfront Suites,D04,2370000,1838.47,1289.11,2022-12-05,Sub Sale,99 yrs
TXN01653,Harbourfront Suites,D04,2950000,1288.44,2289.59,2023-08-17,New Sale,99 yrs
TXN01617,Skyline Residences,D19,1570000,1176.0,1335.03,2024-11-21,Sub Sale,Freehold
TXN01687,The Botanica,D23,1280000,1087.15,1177.39,2024-05-17,Resale,99 yrs
TXN01204,Skyline Residences,D19,3240000,2149.55,1507.29,2025-07-21,Resale,99 yrs
TXN01575,Harbourfront Suites,D04,1740000,934.31,1862.34,2021-12-21,New Sale,99 yrs
TXN00191,The Botanica,D23,2960000,1693.16,1748.21,2025-03-29,Sub Sale,99 yrs
TXN01387,Orchard Grand,D09,590000,512.36,1151.53,2025-08-06,Resale,Freehold
TXN01556,Marina Heights,D01,1030000,668.44,1540.91,2025-10-18,New Sale,99 yrs
TXN01566,Skyline Residences,D19,2620000,1273.0,2058.13,2022-11-25,Resale,99 yrs
TXN01292,Cedar Park,D16,920000,736.25,1249.57,2023-11-01,New Sale,99 yrs
TXN00087,Rivervale Gardens,D19,2140000,951.53,2249.01,2025-04-15,Sub Sale,99 yrs
TXN01391,Emerald Vista,D21,1630000,835.28,1951.44,2025-05-12,New Sale,99 yrs
TXN01737,Parkview Residences,D14,5020000,2124.79,2362.58,2023-09-23,Resale,99 yrs
TXN01280,Lakeside Grandeur,D22,990000,537.12,1843.17,2022-03-17,Resale,99 yrs
TXN01108,The Seaview Residences,D15,1150000,831.0,1383.87,2022-01-27,Resale,Freehold
TXN01395,Marina Heights,D01,2030000,867.57,2339.87,2025-09-19,Sub Sale,99 yrs
TXN00492,The Seaview Residences,D15,1610000,762.08,2112.63,2022-02-01,New Sale,Freehold
TXN01199,Orchard Grand,D09,2850000,1889.06,1508.68,2024-07-01,New Sale,Freehold
TXN00962,Harbourfront Suites,D04,1200000,686.74,1747.39,2021-09-07,Sub Sale,99 yrs
TXN00843,The Botanica,D23,2160000,1036.0,2084.94,2025-07-18,Sub Sale,99 yrs
TXN01468,Marina Heights,D01,1480000,1275.52,1160.31,2021-04-29,New Sale,Freehold
TXN01608,The Arcadia,D10,2150000,932.15,2306.49,2025-10-02,Sub Sale,Freehold
TXN00486,Marina Heights,D01,2420000,1683.0,1437.91,2022-08-05,Resale,Freehold
TXN00008,The Seaview Residences,D15,1450000,690.0,2101.45,2023-12-17,Resale,99 yrs
TXN01661,Emerald Vista,D21,840000,633.99,1324.93,2021-05-15,Resale,Freehold
TXN01538,Cedar Park,D16,2270000,1636.11,1387.43,2021-09-05,Sub Sale,99 yrs
TXN00299,Emerald Vista,D21,1800000,812.67,2214.91,2025-06-26,New Sale,99 yrs
TXN01380,Skyline Residences,D19,800000,627.54,1274.83,2024-08-11,New Sale,99 yrs
TXN00826,Orchard Grand,D09,1670000,780.38,2139.98,2025-03-17,Resale,Freehold
TXN00807,Skyline Residences,D19,2400000,1135.59,2113.44,2023-06-03,New Sale,99 yrs
TXN01409,Harbourfront Suites,D04,1200000,691.04,1736.51,2024-11-18,Sub Sale,Freehold
TXN00244,Orchard Grand,D09,1870000,1340.11,1395.41,2022-01-13,Sub Sale,Freehold
TXN00333,Cedar Park,D16,850000,452.08,1880.18,2024-03-04,Resale,Freehold
TXN00181,Marina Heights,D01,3170000,1323.96,2394.33,2023-10-19,Sub Sale,Freehold
TXN00974,Orchard Grand,D09,2150000,1459.0,1473.61,2022-08-17,Sub Sale,Freehold
TXN01240,The Arcadia,D10,2300000,1209.0,1902.4,2022-08-31,Resale,99 yrs
TXN01478,Parkview Residences,D14,2870000,2044.06,1404.07,2024-11-15,Sub Sale,99 yrs
TXN00212,The Botanica,D23,1780000,753.47,2362.39,2024-11-06,New Sale,Freehold
TXN00545,The Botanica,D23,3230000,2051.6,1574.38,2022-10-25,Resale,Freehold
TXN01053,Harbourfront Suites,D04,1070000,646.91,1654.02,2021-07-30,Sub Sale,99 yrs
TXN00770,Emerald Vista,D21,4260000,1827.71,2330.79,2021-05-18,Resale,99 yrs
TXN01665,Skyline Residences,D19,1600000,673.82,2374.52,2022-11-29,Resale,99 yrs
TXN01236,The Arcadia,D10,3210000,1856.0,1729.53,2022-12-26,New Sale,99 yrs
TXN00881,The Botanica,D23,2010000,1341.18,1498.68,2022-06-12,Sub Sale,99 yrs
TXN01474,The Botanica,D23,2570000,1350.0,1903.7,2023-07-26,Resale,99 yrs
TXN00509,The Seaview Residences,D15,1140000,930.0,1225.81,2022-10-12,Sub Sale,Freehold
TXN01193,Cedar Park,D16,1790000,771.77,2319.34,2021-07-13,New Sale,Freehold
TXN00433,Lakeside Grandeur,D22,2230000,1304.0,1710.12,2024-09-06,Resale,Freehold
TXN01492,The Seaview Residences,D15,1160000,740.56,1566.39,2021-12-18,Resale,99 yrs
TXN01374,Marina Heights,D01,2020000,1291.67,1563.87,2024-07-16,New Sale,99 yrs
TXN00092,Emerald Vista,D21,1590000,1180.0,1347.46,2021-03-28,New Sale,Freehold
TXN01160,Skyline Residences,D19,2600000,1257.0,2068.42,2025-11-18,Resale,99 yrs
TXN00738,Marina Heights,D01,740000,541.0,1367.84,2021-08-30,New Sale,Freehold
TXN00267,Rivervale Gardens,D19,1950000,908.47,2146.46,2021-01-02,Resale,99 yrs
TXN00564,Cedar Park,D16,1190000,1014.0,1173.57,2025-01-28,New Sale,Freehold
TXN01291,Skyline Residences,D19,920000,549.0,1675.77,2022-03-15,Resale,Freehold
TXN00708,Orchard Grand,D09,1440000,1302.43,1105.62,2024-09-26,Resale,Freehold
TXN00180,Skyline Residences,D19,1980000,824.0,2402.91,2021-10-15,Resale,99 yrs
TXN00210,The Arcadia,D10,3260000,2038.0,1599.61,2021-08-27,New Sale,99 yrs
TXN00912,Skyline Residences,D19,1090000,940.0,1159.57,2022-11-14,Sub Sale,Freehold
TXN00013,The Arcadia,D10,3040000,1388.0,2190.2,2024-10-14,Resale,99 yrs
TXN01518,Skyline Residences,D19,1220000,996.74,1223.99,2024-04-04,Resale,99 yrs
TXN00842,Harbourfront Suites,D04,1060000,457.47,2317.11,2025-11-26,Sub Sale,99 yrs
TXN00692,Emerald Vista,D21,1350000,723.33,1866.36,2022-05-25,Resale,99 yrs
TXN00979,The Seaview Residences,D15,1710000,741.63,2305.72,2025-06-22,New Sale,99 yrs
TXN01431,Lakeside Grandeur,D22,4880000,2140.0,2280.37,2025-08-12,Resale,Freehold
TXN01602,Rivervale Gardens,D19,3470000,1675.94,2070.48,2023-10-01,New Sale,Freehold
TXN00736,Emerald Vista,D21,1110000,824.0,1347.09,2023-09-02,Sub Sale,99 yrs
TXN00005,Lakeside Grandeur,D22,3380000,1501.56,2250.99,2023-12-01,Sub Sale,99 yrs
TXN00411,Lakeside Grandeur,D22,1510000,1267.99,1190.86,2025-02-22,New Sale,Freehold
TXN01009,Rivervale Gardens,D19,1100000,612.47,1796.02,2022-06-11,Resale,Freehold
TXN00901,Parkview Residences,D14,2080000,1408.0,1477.27,2021-11-21,Resale,99 yrs
TXN00758,The Arcadia,D10,970000,715.0,1356.64,2023-01-10,Sub Sale,99 yrs
TXN00337,Lakeside Grandeur,D22,1150000,651.22,1765.93,2023-07-19,Sub Sale,99 yrs
TXN01494,Marina Heights,D01,2000000,1448.0,1381.22,2023-12-28,Resale,99 yrs
TXN01711,Marina Heights,D01,2640000,1570.0,1681.53,2024-06-07,Resale,99 yrs
TXN01186,Orchard Grand,D09,1820000,1317.5,1381.4,2023-03-06,Resale,Freehold
TXN01713,Orchard Grand,D09,1940000,1361.0,1425.42,2021-08-17,New Sale,99 yrs
TXN00921,Cedar Park,D16,640000,542.5,1179.72,2023-11-05,Resale,Freehold
TXN00334,Orchard Grand,D09,2010000,945.07,2126.83,2023-11-25,Resale,99 yrs
TXN00857,The Seaview Residences,D15,2200000,1946.11,1130.46,2024-02-25,Sub Sale,99 yrs
TXN00995,Rivervale Gardens,D19,1920000,1405.77,1365.8,2023-11-12,New Sale,99 yrs
TXN01673,Lakeside Grandeur,D22,3170000,1377.78,2300.8,2025-11-09,Resale,Freehold
TXN01436,Parkview Residences,D14,2290000,1188.0,1927.61,2021-10-07,New Sale,99 yrs
TXN01742,Cedar Park,D16,1250000,824.51,1516.04,2023-05-05,Resale,99 yrs
TXN00583,Parkview Residences,D14,3080000,1865.38,1651.13,2022-06-26,New Sale,Freehold
TXN01459,The Arcadia,D10,2270000,1702.85,1333.06,2024-07-02,Sub Sale,Freehold
TXN01015,Cedar Park,D16,2340000,1571.53,1489.0,2023-10-21,New Sale,99 yrs
TXN00023,The Arcadia,D10,1560000,1401.46,1113.13,2021-04-13,Resale,Freehold
TXN00739,Orchard Grand,D09,1910000,1633.0,1169.63,2021-05-30,Resale,99 yrs
TXN00778,Harbourfront Suites,D04,940000,530.66,1771.38,2023-11-06,New Sale,99 yrs
TXN01346,Parkview Residences,D14,1810000,888.02,2038.24,2024-04-08,New Sale,99 yrs
TXN00292,Lakeside Grandeur,D22,930000,457.47,2032.94,2022-01-14,Sub Sale,99 yrs
TXN00225,The Seaview Residences,D15,1570000,1026.0,1530.21,2025-03-06,New Sale,Freehold
TXN00352,Harbourfront Suites,D04,1170000,1049.48,1114.84,2023-08-06,Resale,99 yrs
TXN00254,Lakeside Grandeur,D22,1640000,697.5,2351.25,2024-06-12,Sub Sale,99 yrs
TXN00603,Harbourfront Suites,D04,2440000,1161.42,2100.87,2021-05-10,Sub Sale,99 yrs
TXN00751,The Botanica,D23,1650000,1443.44,1143.1,2025-08-28,Sub Sale,99 yrs
TXN00581,The Arcadia,D10,3030000,1815.0,1669.42,2021-05-05,Resale,Freehold
TXN00636,Cedar Park,D16,1290000,796.53,1619.53,2021-03-29,Sub Sale,Freehold
TXN01404,Rivervale Gardens,D19,1640000,866.0,1893.76,2022-06-05,New Sale,99 yrs
TXN01489,The Seaview Residences,D15,780000,654.45,1191.85,2025-01-01,Sub Sale,99 yrs
TXN01105,Harbourfront Suites,D04,3680000,2066.0,1781.22,2024-05-31,Resale,Freehold
TXN00283,Parkview Residences,D14,830000,574.0,1445.99,2025-02-08,New Sale,99 yrs
TXN00367,Lakeside Grandeur,D22,2180000,1362.71,1599.75,2021-02-02,Sub Sale,99 yrs
TXN01569,Emerald Vista,D21,2700000,1838.47,1468.61,2021-10-31,New Sale,99 yrs
TXN00592,Skyline Residences,D19,4030000,2035.0,1980.34,2024-08-19,New Sale,Freehold
TXN00899,Harbourfront Suites,D04,1390000,1231.39,1128.81,2023-11-08,Resale,Freehold
TXN00710,Emerald Vista,D21,1190000,666.29,1786.02,2022-08-25,New Sale,Freehold
TXN01209,Orchard Grand,D09,1680000,769.62,2182.9,2023-07-31,Sub Sale,Freehold
TXN01338,Rivervale Gardens,D19,1250000,542.5,2304.15,2021-07-10,Sub Sale,99 yrs
TXN00439,Cedar Park,D16,2040000,912.78,2234.93,2022-05-03,Resale,99 yrs
TXN00368,The Arcadia,D10,2590000,2055.9,1259.79,2025-08-22,New Sale,99 yrs
TXN00784,Lakeside Grandeur,D22,3180000,1416.53,2244.92,2023-11-29,Sub Sale,Freehold
TXN00463,Emerald Vista,D21,940000,492.99,1906.75,2022-03-12,Resale,99 yrs
TXN00529,The Botanica,D23,840000,511.0,1643.84,2025-01-29,Resale,99 yrs
TXN00102,Cedar Park,D16,1460000,745.94,1957.27,2023-07-04,Resale,99 yrs
TXN00968,Orchard Grand,D09,2970000,1387.47,2140.59,2023-12-20,Sub Sale,99 yrs
TXN00983,Marina Heights,D01,2340000,1175.0,1991.49,2022-10-15,Resale,99 yrs
TXN00635,Marina Heights,D01,1530000,738.4,2072.04,2024-10-30,New Sale,Freehold
TXN00936,Orchard Grand,D09,1460000,962.29,1517.21,2025-12-14,Resale,Freehold
TXN01364,Emerald Vista,D21,1770000,922.47,1918.77,2021-07-31,New Sale,99 yrs
TXN01161,Harbourfront Suites,D04,1580000,1059.0,1491.97,2023-07-16,Resale,99 yrs
TXN00090,Lakeside Grandeur,D22,2910000,1281.98,2269.93,2023-04-26,New Sale,Freehold
TXN01361,The Seaview Residences,D15,790000,469.31,1683.34,2024-05-13,Sub Sale,99 yrs
TXN01190,Emerald Vista,D21,1130000,951.53,1187.56,2022-08-01,New Sale,Freehold
TXN00764,Lakeside Grandeur,D22,3520000,1566.15,2247.55,2024-08-24,Sub Sale,Freehold
TXN01230,Orchard Grand,D09,1240000,688.89,1800.0,2024-11-04,Sub Sale,Freehold
TXN01022,Emerald Vista,D21,3070000,2133.4,1439.01,2021-02-17,Sub Sale,99 yrs
TXN00290,The Botanica,D23,1840000,945.07,1946.94,2021-01-30,Sub Sale,Freehold
TXN00883,Lakeside Grandeur,D22,1140000,657.67,1733.38,2022-03-28,Resale,Freehold
TXN01255,The Arcadia,D10,1710000,1530.0,1117.65,2022-01-30,New Sale,Freehold
TXN00232,Marina Heights,D01,1360000,1033.33,1316.13,2021-08-12,Sub Sale,Freehold
TXN00720,Parkview Residences,D14,690000,482.22,1430.87,2021-08-01,Resale,Freehold
TXN00704,Skyline Residences,D19,930000,734.1,1266.86,2022-06-13,Sub Sale,Freehold
TXN00612,The Seaview Residences,D15,1530000,1321.81,1157.51,2022-05-25,Resale,Freehold
TXN01182,Parkview Residences,D14,1780000,922.47,1929.61,2024-03-08,New Sale,99 yrs
TXN00562,Lakeside Grandeur,D22,1410000,680.0,2073.53,2023-12-25,Resale,Freehold
TXN00058,Parkview Residences,D14,1010000,585.56,1724.86,2021-05-23,Resale,Freehold
TXN01613,Emerald Vista,D21,1130000,677.05,1669.01,2024-04-11,New Sale,99 yrs
TXN00683,The Arcadia,D10,1860000,964.45,1928.57,2023-06-06,New Sale,99 yrs
TXN00698,Emerald Vista,D21,2120000,1314.0,1613.39,2022-02-28,New Sale,Freehold
TXN01016,Harbourfront Suites,D04,2670000,1387.47,1924.37,2021-12-26,New Sale,99 yrs
TXN00037,Lakeside Grandeur,D22,990000,708.26,1397.78,2023-06-19,Sub Sale,Freehold
TXN00293,The Botanica,D23,2600000,2055.9,1264.65,2025-12-24,New Sale,Freehold
TXN01120,The Seaview Residences,D15,630000,528.51,1192.04,2025-08-05,Sub Sale,Freehold
TXN01085,Emerald Vista,D21,1120000,866.49,1292.57,2023-04-02,New Sale,Freehold
TXN01530,Cedar Park,D16,1650000,759.0,2173.91,2022-09-29,Resale,99 yrs
TXN01197,The Seaview Residences,D15,1220000,722.26,1689.15,2025-10-05,New Sale,Freehold
TXN00777,Cedar Park,D16,3770000,1664.1,2265.49,2022-11-02,New Sale,Freehold
TXN00511,Orchard Grand,D09,1010000,673.82,1498.92,2022-04-11,Resale,99 yrs
TXN00673,Skyline Residences,D19,2890000,1497.0,1930.53,2021-03-02,Resale,99 yrs
TXN00115,Parkview Residences,D14,2270000,1198.02,1894.79,2021-10-12,New Sale,Freehold
TXN01511,Orchard Grand,D09,1310000,823.44,1590.89,2024-12-25,Sub Sale,99 yrs
TXN01072,Lakeside Grandeur,D22,1950000,1019.0,1913.64,2025-08-25,New Sale,Freehold
TXN01269,Rivervale Gardens,D19,1370000,719.03,1905.35,2025-07-25,New Sale,Freehold
TXN01567,Parkview Residences,D14,2670000,1413.3,1889.2,2025-12-18,Sub Sale,99 yrs
TXN00401,Orchard Grand,D09,1150000,538.19,2136.77,2022-05-17,Sub Sale,Freehold
TXN01500,Lakeside Grandeur,D22,1030000,514.51,2001.89,2022-09-02,New Sale,Freehold
TXN00123,Parkview Residences,D14,3280000,1610.28,2036.91,2024-08-10,Resale,99 yrs
TXN01078,Skyline Residences,D19,2300000,975.21,2358.47,2025-07-05,Resale,Freehold
TXN01329,Lakeside Grandeur,D22,3210000,2027.92,1582.9,2022-11-14,New Sale,99 yrs
TXN00503,Skyline Residences,D19,1150000,829.9,1385.71,2023-02-11,Sub Sale,Freehold
TXN00096,Orchard Grand,D09,2570000,1338.0,1920.78,2022-06-19,New Sale,Freehold
TXN00154,Skyline Residences,D19,1340000,931.0,1439.31,2023-04-19,Sub Sale,99 yrs
TXN00767,The Seaview Residences,D15,1150000,1035.49,1110.59,2021-04-23,Sub Sale,99 yrs
TXN01372,Lakeside Grandeur,D22,1280000,656.0,1951.22,2024-01-04,Sub Sale,Freehold
TXN00480,Rivervale Gardens,D19,2320000,1101.15,2106.89,2024-05-16,Resale,99 yrs
TXN01274,Skyline Residences,D19,2260000,1358.4,1663.72,2023-05-21,Sub Sale,Freehold
TXN01139,Cedar Park,D16,1300000,842.81,1542.45,2022-11-14,New Sale,Freehold
TXN01390,The Seaview Residences,D15,1720000,921.39,1866.75,2022-02-07,Resale,Freehold
TXN01686,Emerald Vista,D21,650000,479.0,1356.99,2025-05-08,Sub Sale,Freehold
TXN00040,Harbourfront Suites,D04,3280000,1780.0,1842.7,2024-01-30,New Sale,99 yrs
TXN00644,The Botanica,D23,3290000,1383.16,2378.61,2023-07-03,Sub Sale,Freehold
TXN00947,Lakeside Grandeur,D22,870000,465.0,1870.97,2022-01-06,New Sale,Freehold
TXN00349,Cedar Park,D16,1650000,1173.27,1406.33,2025-09-20,Sub Sale,99 yrs
TXN01092,Rivervale Gardens,D19,1590000,676.0,2352.07,2021-01-08,New Sale,99 yrs
TXN00144,The Arcadia,D10,900000,559.72,1607.94,2021-03-05,Sub Sale,Freehold
TXN00657,Parkview Residences,D14,900000,600.63,1498.44,2022-09-03,Resale,Freehold
TXN00046,Skyline Residences,D19,3040000,1486.49,2045.08,2024-10-19,Resale,Freehold
TXN00042,Parkview Residences,D14,1690000,791.15,2136.14,2025-08-11,Sub Sale,Freehold
TXN00937,Skyline Residences,D19,1410000,989.2,1425.39,2022-12-17,Sub Sale,Freehold
TXN00496,The Botanica,D23,2370000,1345.49,1761.44,2022-09-09,New Sale,99 yrs
TXN01747,Skyline Residences,D19,910000,520.97,1746.73,2022-01-29,Resale,99 yrs
TXN00271,Lakeside Grandeur,D22,1620000,1446.67,1119.81,2022-12-24,Resale,Freehold
TXN00041,Orchard Grand,D09,2050000,1317.5,1555.98,2023-11-09,New Sale,99 yrs
TXN01734,The Seaview Residences,D15,980000,596.0,1644.3,2021-12-14,Resale,Freehold
TXN00379,Marina Heights,D01,1730000,1150.66,1503.48,2023-02-16,New Sale,99 yrs
TXN00197,Emerald Vista,D21,1960000,850.0,2305.88,2023-01-16,Sub Sale,99 yrs
TXN01029,The Seaview Residences,D15,1090000,787.0,1385.01,2024-11-16,New Sale,99 yrs
TXN01527,Parkview Residences,D14,1390000,989.0,1405.46,2022-06-13,Sub Sale,Freehold
TXN01227,The Arcadia,D10,2200000,1427.0,1541.7,2023-10-26,Sub Sale,99 yrs
TXN00821,Parkview Residences,D14,3030000,1411.15,2147.19,2023-08-07,Sub Sale,Freehold
TXN00660,Skyline Residences,D19,1250000,697.5,1792.11,2023-12-11,Sub Sale,99 yrs
TXN00906,The Botanica,D23,1200000,664.13,1806.87,2022-12-24,New Sale,Freehold
TXN00272,Emerald Vista,D21,1610000,676.0,2381.66,2022-01-06,New Sale,99 yrs
TXN01683,The Botanica,D23,2510000,1434.83,1749.34,2024-12-30,New Sale,Freehold
TXN01655,Lakeside Grandeur,D22,2310000,1420.0,1626.76,2023-05-26,Sub Sale,Freehold
TXN00734,Parkview Residences,D14,2080000,1383.0,1503.98,2023-07-10,Sub Sale,99 yrs
TXN01666,Emerald Vista,D21,1440000,850.35,1693.42,2021-08-02,New Sale,Freehold
TXN01213,Harbourfront Suites,D04,3900000,1904.13,2048.18,2021-06-02,Sub Sale,99 yrs
TXN00329,Skyline Residences,D19,720000,529.58,1359.56,2022-06-18,New Sale,Freehold
TXN01555,The Botanica,D23,1140000,477.0,2389.94,2021-08-24,Sub Sale,Freehold
TXN01580,The Seaview Residences,D15,3230000,1649.03,1958.73,2025-09-16,Resale,99 yrs
TXN01382,Emerald Vista,D21,3570000,1705.0,2093.84,2025-07-15,New Sale,99 yrs
TXN01149,Rivervale Gardens,D19,1030000,536.04,1921.49,2025-09-04,Resale,Freehold
TXN00502,Skyline Residences,D19,3040000,1284.13,2367.36,2022-07-22,New Sale,99 yrs
TXN00654,Cedar Park,D16,1570000,1384.24,1134.2,2025-11-21,New Sale,Freehold
TXN01109,Emerald Vista,D21,2620000,1216.0,2154.61,2023-10-23,Sub Sale,Freehold
TXN01694,Lakeside Grandeur,D22,1500000,903.09,1660.96,2022-08-18,Resale,Freehold
TXN01250,The Botanica,D23,3080000,2088.2,1474.96,2022-04-23,New Sale,Freehold
TXN00556,Rivervale Gardens,D19,3710000,1990.0,1864.32,2023-05-13,Sub Sale,99 yrs
TXN00548,Skyline Residences,D19,1510000,912.78,1654.29,2022-07-16,Sub Sale,Freehold
TXN00521,Skyline Residences,D19,2090000,911.0,2294.18,2023-02-20,Resale,Freehold
TXN00693,Skyline Residences,D19,3040000,1618.0,1878.86,2022-06-07,New Sale,Freehold
TXN00141,Orchard Grand,D09,1190000,658.75,1806.45,2021-01-08,New Sale,99 yrs
TXN00803,Skyline Residences,D19,950000,644.76,1473.42,2024-09-17,Resale,99 yrs
TXN00922,Skyline Residences,D19,1520000,694.27,2189.35,2025-07-12,Sub Sale,99 yrs
TXN00661,The Botanica,D23,1060000,678.0,1563.42,2023-10-23,New Sale,99 yrs
TXN01164,Orchard Grand,D09,1210000,539.27,2243.77,2024-02-20,Sub Sale,99 yrs
TXN01629,The Arcadia,D10,1220000,578.02,2110.65,2025-09-24,Resale,99 yrs
TXN00443,Marina Heights,D01,1750000,1051.0,1665.08,2021-01-03,Sub Sale,99 yrs
TXN00526,Orchard Grand,D09,1070000,527.43,2028.7,2025-03-05,New Sale,Freehold
TXN00950,Skyline Residences,D19,1070000,820.21,1304.55,2021-07-07,Resale,Freehold
TXN01733,Rivervale Gardens,D19,1580000,707.0,2234.79,2021-03-17,New Sale,Freehold
TXN00249,Harbourfront Suites,D04,990000,861.0,1149.83,2022-10-26,Sub Sale,Freehold
TXN00600,Harbourfront Suites,D04,3250000,1568.3,2072.31,2023-09-06,Resale,99 yrs
TXN01419,The Botanica,D23,900000,545.73,1649.17,2025-12-20,Sub Sale,Freehold
TXN01590,Emerald Vista,D21,580000,523.0,1108.99,2024-03-31,New Sale,99 yrs
TXN01581,The Seaview Residences,D15,1690000,755.63,2236.56,2022-09-09,New Sale,Freehold
TXN00149,Parkview Residences,D14,1290000,745.94,1729.37,2021-02-10,Resale,99 yrs
TXN00362,Parkview Residences,D14,3830000,1660.87,2306.02,2025-10-27,New Sale,99 yrs
TXN00317,Cedar Park,D16,1110000,927.85,1196.32,2023-02-19,New Sale,99 yrs
TXN01399,Skyline Residences,D19,760000,531.74,1429.28,2022-05-26,Sub Sale,99 yrs
TXN01065,Emerald Vista,D21,1690000,951.53,1776.09,2022-08-31,Sub Sale,99 yrs
TXN01669,Lakeside Grandeur,D22,2990000,1471.0,2032.63,2023-06-03,New Sale,99 yrs
TXN00117,Emerald Vista,D21,2940000,1226.01,2398.03,2021-08-22,Sub Sale,99 yrs
TXN00495,Cedar Park,D16,1750000,1058.09,1653.92,2021-03-07,Resale,Freehold
TXN01135,Skyline Residences,D19,1290000,656.6,1964.67,2021-10-20,Resale,Freehold
TXN00189,Skyline Residences,D19,2750000,1275.52,2155.98,2022-10-19,Resale,99 yrs
TXN00172,The Arcadia,D10,1470000,663.06,2217.01,2022-09-09,Sub Sale,99 yrs
TXN01430,Lakeside Grandeur,D22,740000,642.6,1151.56,2021-03-10,Sub Sale,99 yrs
TXN00893,Marina Heights,D01,3380000,1780.35,1898.5,2025-05-25,Resale,Freehold
TXN01054,The Seaview Residences,D15,1660000,693.2,2394.71,2023-11-27,New Sale,99 yrs
TXN00014,Harbourfront Suites,D04,2010000,1221.0,1646.19,2023-07-28,Resale,99 yrs
TXN00033,Skyline Residences,D19,1050000,711.49,1475.77,2021-07-25,Resale,99 yrs
TXN01697,Emerald Vista,D21,1120000,572.64,1955.86,2024-08-21,Sub Sale,99 yrs
TXN00085,Cedar Park,D16,1140000,711.49,1602.26,2022-05-24,Sub Sale,99 yrs
TXN00569,Skyline Residences,D19,3190000,1461.74,2182.33,2021-11-16,Sub Sale,99 yrs
TXN00360,Parkview Residences,D14,1840000,908.47,2025.38,2023-05-03,New Sale,Freehold
TXN00565,The Arcadia,D10,1920000,1631.0,1177.19,2024-07-28,New Sale,Freehold
TXN00524,Lakeside Grandeur,D22,1190000,882.0,1349.21,2025-09-04,Sub Sale,99 yrs
TXN00473,Emerald Vista,D21,1690000,1126.98,1499.58,2022-07-18,Sub Sale,99 yrs
TXN00886,The Botanica,D23,1370000,739.48,1852.65,2023-07-11,Resale,Freehold
TXN00315,Harbourfront Suites,D04,4080000,1926.74,2117.57,2025-04-14,Resale,Freehold
TXN01578,The Botanica,D23,840000,581.25,1445.16,2023-11-28,New Sale,99 yrs
TXN00604,Skyline Residences,D19,2420000,1214.17,1993.13,2021-10-18,Resale,Freehold
TXN00168,Orchard Grand,D09,1680000,824.51,2037.56,2024-07-16,Sub Sale,Freehold
TXN00997,Cedar Park,D16,2590000,1416.53,1828.41,2024-09-08,Resale,99 yrs
TXN01448,Rivervale Gardens,D19,2700000,1583.37,1705.22,2022-11-25,Resale,Freehold
TXN01553,The Botanica,D23,920000,629.69,1461.04,2023-04-15,Sub Sale,99 yrs
TXN00351,Marina Heights,D01,1820000,1425.14,1277.07,2021-11-07,Resale,Freehold
TXN00873,Lakeside Grandeur,D22,1120000,829.9,1349.57,2023-08-06,Sub Sale,Freehold
TXN01347,Orchard Grand,D09,2710000,1359.48,1993.41,2022-01-27,Resale,Freehold
TXN01745,Parkview Residences,D14,1700000,763.0,2228.05,2024-03-04,New Sale,Freehold
TXN01079,Cedar Park,D16,1580000,720.1,2194.12,2021-01-13,Sub Sale,99 yrs
TXN00457,Marina Heights,D01,710000,608.16,1167.46,2021-04-04,Resale,Freehold
TXN00136,Parkview Residences,D14,1490000,692.12,2152.81,2022-09-28,Sub Sale,99 yrs
TXN01484,Emerald Vista,D21,3140000,1402.54,2238.8,2022-07-15,Sub Sale,Freehold
TXN00915,Lakeside Grandeur,D22,3160000,1814.79,1741.24,2021-11-10,Sub Sale,Freehold
TXN00434,The Botanica,D23,920000,517.74,1776.94,2021-09-01,Sub Sale,99 yrs
TXN01034,Harbourfront Suites,D04,1750000,1022.57,1711.37,2024-08-16,Resale,Freehold
TXN00466,Marina Heights,D01,1300000,745.94,1742.77,2025-06-11,New Sale,Freehold
TXN01202,Rivervale Gardens,D19,2950000,2080.66,1417.82,2023-05-17,Sub Sale,Freehold
TXN00119,Harbourfront Suites,D04,920000,504.83,1822.41,2021-05-08,New Sale,99 yrs
TXN01028,Cedar Park,D16,1190000,714.72,1664.98,2023-02-24,Sub Sale,Freehold
TXN00237,Skyline Residences,D19,1090000,797.6,1366.59,2022-06-22,Sub Sale,99 yrs
TXN00383,The Seaview Residences,D15,3410000,1685.63,2022.99,2023-02-23,New Sale,99 yrs
TXN00199,Harbourfront Suites,D04,2020000,1078.0,1873.84,2022-12-24,New Sale,99 yrs
TXN01068,Skyline Residences,D19,1900000,988.0,1923.08,2021-05-31,Resale,99 yrs
TXN00539,Lakeside Grandeur,D22,1050000,498.37,2106.87,2021-05-01,New Sale,99 yrs
TXN01674,Skyline Residences,D19,1630000,1355.18,1202.8,2023-03-05,Resale,Freehold
TXN01121,The Seaview Residences,D15,2330000,977.36,2383.97,2024-03-22,Resale,Freehold
TXN00233,Cedar Park,D16,2360000,1340.11,1761.06,2023-01-08,New Sale,99 yrs
TXN00378,Cedar Park,D16,2330000,2095.0,1112.17,2022-08-19,Sub Sale,99 yrs
TXN01623,Cedar Park,D16,640000,458.54,1395.73,2022-08-16,Sub Sale,99 yrs
TXN01251,The Seaview Residences,D15,2010000,1045.17,1923.12,2023-01-13,Resale,99 yrs
TXN00541,Emerald Vista,D21,1120000,469.0,2388.06,2021-08-29,Sub Sale,Freehold
TXN00726,Marina Heights,D01,1410000,621.08,2270.25,2021-12-13,New Sale,Freehold
TXN00243,Cedar Park,D16,4200000,1782.5,2356.24,2024-05-24,Sub Sale,99 yrs
TXN00346,Parkview Residences,D14,2290000,1174.34,1950.03,2024-11-29,Resale,Freehold
TXN01416,Rivervale Gardens,D19,2120000,1360.56,1558.19,2023-02-14,Resale,Freehold
TXN01692,The Botanica,D23,1340000,940.76,1424.37,2022-01-22,Resale,99 yrs
TXN01635,Cedar Park,D16,2680000,1298.13,2064.51,2023-05-17,Resale,99 yrs
TXN01268,The Arcadia,D10,990000,703.0,1408.25,2025-01-02,New Sale,Freehold
TXN00255,Marina Heights,D01,680000,510.21,1332.79,2024-02-22,Resale,Freehold
TXN00057,Rivervale Gardens,D19,780000,597.0,1306.53,2022-12-19,Resale,Freehold
TXN01604,Orchard Grand,D09,3590000,1832.0,1959.61,2024-08-07,Sub Sale,Freehold
TXN01379,Harbourfront Suites,D04,3520000,1502.0,2343.54,2022-08-09,New Sale,99 yrs
TXN00266,Cedar Park,D16,2890000,2086.04,1385.4,2024-06-14,Resale,Freehold
TXN00787,Orchard Grand,D09,1090000,595.0,1831.93,2024-02-24,New Sale,Freehold
TXN00050,The Arcadia,D10,2020000,1279.83,1578.34,2024-08-19,Sub Sale,99 yrs
TXN01320,The Seaview Residences,D15,4550000,2178.61,2088.48,2025-05-08,Resale,Freehold
TXN00278,The Seaview Residences,D15,2490000,1514.0,1644.65,2022-01-01,Resale,Freehold
TXN00462,Lakeside Grandeur,D22,1080000,478.99,2254.73,2025-10-15,New Sale,Freehold
TXN01394,Parkview Residences,D14,2880000,1219.55,2361.53,2025-06-30,Sub Sale,99 yrs
TXN01123,The Arcadia,D10,1610000,719.0,2239.22,2021-12-25,New Sale,99 yrs
TXN01550,The Arcadia,D10,3070000,1295.97,2368.88,2022-07-18,New Sale,99 yrs
TXN00674,Cedar Park,D16,3030000,1600.59,1893.05,2024-10-22,New Sale,Freehold
TXN00549,Emerald Vista,D21,660000,469.0,1407.25,2023-06-28,New Sale,Freehold
TXN01649,Skyline Residences,D19,1950000,1114.06,1750.35,2021-05-03,New Sale,Freehold
TXN00756,Parkview Residences,D14,1890000,1199.1,1576.18,2025-03-30,Resale,99 yrs
TXN00817,Orchard Grand,D09,2400000,1115.14,2152.2,2025-11-07,Sub Sale,Freehold
TXN00587,Marina Heights,D01,1820000,924.0,1969.7,2025-10-20,Resale,Freehold
TXN01358,Emerald Vista,D21,1360000,750.24,1812.74,2025-10-04,Resale,Freehold
TXN01219,Parkview Residences,D14,2180000,1263.68,1725.12,2023-04-02,Sub Sale,99 yrs
TXN01104,Marina Heights,D01,970000,857.88,1130.69,2023-07-16,New Sale,Freehold
TXN00716,Rivervale Gardens,D19,1760000,1134.0,1552.03,2024-01-02,Resale,Freehold
TXN01059,Rivervale Gardens,D19,2210000,1215.0,1818.93,2025-06-06,Sub Sale,99 yrs
TXN00598,The Arcadia,D10,1880000,1323.96,1419.98,2023-01-18,Resale,Freehold
TXN00687,Parkview Residences,D14,3530000,1510.18,2337.48,2021-05-17,New Sale,Freehold
TXN01729,Marina Heights,D01,2570000,1617.81,1588.56,2024-08-26,New Sale,99 yrs
TXN01233,The Seaview Residences,D15,1730000,907.4,1906.55,2022-07-14,Sub Sale,99 yrs
TXN00382,Rivervale Gardens,D19,880000,556.49,1581.33,2025-09-22,Sub Sale,99 yrs
TXN00426,Harbourfront Suites,D04,2890000,1621.04,1782.8,2023-02-15,Resale,Freehold
TXN01283,The Seaview Residences,D15,2980000,1359.48,2192.01,2023-01-09,Sub Sale,Freehold
TXN00779,Harbourfront Suites,D04,2460000,1343.33,1831.26,2024-01-10,Resale,Freehold
TXN00590,Cedar Park,D16,2710000,1728.68,1567.67,2022-06-07,Resale,Freehold
TXN01513,The Seaview Residences,D15,790000,465.0,1698.92,2023-02-28,Sub Sale,99 yrs
TXN00884,Cedar Park,D16,1020000,636.15,1603.4,2025-10-04,New Sale,Freehold
TXN00931,Rivervale Gardens,D19,1140000,1035.49,1100.93,2024-07-31,Resale,Freehold
TXN00302,The Arcadia,D10,2130000,1397.15,1524.53,2021-01-07,Sub Sale,Freehold
TXN00142,Harbourfront Suites,D04,2390000,1843.86,1296.2,2023-06-10,Resale,Freehold
TXN00571,Lakeside Grandeur,D22,1160000,612.47,1893.98,2025-11-24,New Sale,Freehold
TXN00573,Parkview Residences,D14,3030000,2120.49,1428.92,2022-10-23,Resale,Freehold
TXN00773,The Seaview Residences,D15,1060000,669.51,1583.24,2023-12-31,New Sale,99 yrs
TXN00345,Parkview Residences,D14,1430000,799.76,1788.04,2021-03-17,New Sale,Freehold
TXN00104,Cedar Park,D16,2340000,1668.0,1402.88,2025-10-23,New Sale,Freehold
TXN01273,Lakeside Grandeur,D22,1060000,468.23,2263.85,2025-08-16,Resale,Freehold
TXN00373,Cedar Park,D16,1440000,620.0,2322.58,2021-03-10,Sub Sale,99 yrs
TXN01517,Orchard Grand,D09,3010000,1914.9,1571.89,2023-10-02,Resale,Freehold
TXN00610,The Botanica,D23,2100000,1003.2,2093.31,2025-05-19,Sub Sale,Freehold
TXN01083,Rivervale Gardens,D19,1870000,1116.0,1675.63,2021-02-11,Sub Sale,Freehold
TXN01315,Lakeside Grandeur,D22,880000,475.76,1849.66,2023-11-18,Resale,99 yrs
TXN01175,Marina Heights,D01,1420000,646.91,2195.05,2025-12-09,Resale,Freehold
TXN01162,Cedar Park,D16,1470000,1049.0,1401.33,2022-08-16,New Sale,Freehold
TXN00318,Parkview Residences,D14,700000,483.3,1448.38,2022-01-07,Sub Sale,Freehold
TXN00131,Lakeside Grandeur,D22,1350000,852.5,1583.58,2021-09-29,Sub Sale,Freehold
TXN01195,The Arcadia,D10,1150000,534.0,2153.56,2025-03-08,Sub Sale,99 yrs
TXN01652,Rivervale Gardens,D19,2540000,1345.49,1887.79,2025-02-28,New Sale,Freehold
TXN00678,The Arcadia,D10,1050000,672.0,1562.5,2021-03-12,Sub Sale,99 yrs
TXN01396,Orchard Grand,D09,2610000,1425.14,1831.4,2023-11-03,Resale,99 yrs
TXN00446,Rivervale Gardens,D19,1160000,723.0,1604.43,2023-02-13,Resale,99 yrs
TXN00122,Emerald Vista,D21,2440000,1459.58,1671.71,2023-01-20,New Sale,Freehold
TXN00679,The Seaview Residences,D15,1550000,1328.0,1167.17,2025-12-03,New Sale,99 yrs
TXN00664,Skyline Residences,D19,1600000,1037.64,1541.96,2024-03-06,Sub Sale,99 yrs
TXN01723,Lakeside Grandeur,D22,1760000,786.84,2236.79,2024-06-22,Resale,Freehold
TXN00805,Parkview Residences,D14,2120000,917.0,2311.89,2025-08-07,Resale,99 yrs
TXN01200,Skyline Residences,D19,1800000,1017.0,1769.91,2021-01-19,Resale,99 yrs
TXN01245,Rivervale Gardens,D19,1850000,1429.0,1294.61,2023-04-13,New Sale,99 yrs
TXN00276,Cedar Park,D16,1040000,930.0,1118.28,2022-12-21,New Sale,99 yrs
TXN01023,Rivervale Gardens,D19,700000,536.0,1305.97,2025-05-10,Sub Sale,Freehold
TXN01386,Rivervale Gardens,D19,3500000,2196.91,1593.15,2021-03-10,New Sale,Freehold
TXN00022,Emerald Vista,D21,1900000,795.0,2389.94,2021-10-29,Resale,99 yrs
TXN00829,Harbourfront Suites,D04,3180000,1829.86,1737.84,2021-08-15,Sub Sale,Freehold
TXN01523,Parkview Residences,D14,1680000,997.81,1683.68,2025-12-29,Sub Sale,Freehold
TXN00617,Parkview Residences,D14,3400000,2072.05,1640.89,2024-11-20,Sub Sale,99 yrs
TXN01342,Cedar Park,D16,1660000,997.81,1663.64,2022-08-22,Resale,Freehold
TXN01006,Skyline Residences,D19,1970000,1018.0,1935.17,2022-02-09,Sub Sale,99 yrs
TXN00307,The Arcadia,D10,910000,663.0,1372.55,2025-12-28,Resale,99 yrs
TXN00620,Lakeside Grandeur,D22,1980000,1419.76,1394.6,2025-06-05,Sub Sale,99 yrs
TXN00768,The Seaview Residences,D15,1140000,483.0,2360.25,2021-04-22,Resale,Freehold
TXN00391,Rivervale Gardens,D19,1820000,965.52,1884.99,2022-06-05,Sub Sale,99 yrs
TXN00970,Emerald Vista,D21,1070000,713.0,1500.7,2025-09-15,Resale,99 yrs
TXN00637,Rivervale Gardens,D19,3230000,1704.0,1895.54,2022-05-19,Sub Sale,Freehold
TXN00507,Orchard Grand,D09,840000,674.0,1246.29,2022-04-18,Resale,Freehold
TXN00762,Lakeside Grandeur,D22,4690000,2100.04,2233.29,2024-04-01,Resale,99 yrs
TXN00928,Rivervale Gardens,D19,1670000,726.56,2298.49,2024-08-15,Sub Sale,99 yrs
TXN00118,Emerald Vista,D21,3380000,1411.15,2395.21,2023-07-09,Sub Sale,Freehold
TXN01113,Cedar Park,D16,3030000,1358.4,2230.56,2024-07-08,New Sale,99 yrs
TXN00313,Orchard Grand,D09,1470000,636.15,2310.79,2025-03-29,New Sale,Freehold
TXN00081,Skyline Residences,D19,1180000,608.16,1940.28,2024-10-24,Resale,99 yrs
TXN00713,The Arcadia,D10,1810000,1257.22,1439.68,2021-03-28,Sub Sale,99 yrs
TXN00198,Parkview Residences,D14,1750000,833.13,2100.52,2023-11-27,New Sale,99 yrs
TXN01341,The Arcadia,D10,1890000,1528.47,1236.53,2021-04-24,New Sale,Freehold
TXN01114,Parkview Residences,D14,1470000,681.35,2157.47,2024-02-17,New Sale,Freehold
TXN01501,Marina Heights,D01,2240000,948.3,2362.12,2025-10-21,Resale,Freehold
TXN00532,Lakeside Grandeur,D22,3410000,1862.15,1831.21,2023-07-05,Sub Sale,Freehold
TXN01206,The Seaview Residences,D15,2670000,1354.1,1971.79,2023-11-15,Resale,99 yrs
TXN00621,Orchard Grand,D09,1320000,981.67,1344.65,2025-07-07,Sub Sale,99 yrs
TXN01528,The Seaview Residences,D15,2950000,1961.0,1504.33,2021-03-04,Resale,99 yrs
TXN00134,Lakeside Grandeur,D22,2700000,1421.0,1900.07,2024-07-30,Sub Sale,Freehold
TXN00077,Lakeside Grandeur,D22,2680000,1335.8,2006.29,2024-02-08,Sub Sale,99 yrs
TXN00619,Emerald Vista,D21,1140000,627.54,1816.63,2025-01-01,New Sale,Freehold
TXN01466,Lakeside Grandeur,D22,1100000,711.49,1546.04,2021-07-12,Resale,Freehold
TXN00780,Lakeside Grandeur,D22,3310000,1754.52,1886.56,2025-11-01,New Sale,99 yrs
TXN01676,Marina Heights,D01,1190000,578.0,2058.82,2024-07-20,Resale,99 yrs
TXN01061,The Botanica,D23,2240000,1512.33,1481.16,2021-01-23,New Sale,Freehold
TXN00948,Cedar Park,D16,910000,669.51,1359.19,2022-10-08,Resale,99 yrs
TXN00885,The Arcadia,D10,3140000,1363.79,2302.41,2023-06-14,New Sale,Freehold
TXN01278,Orchard Grand,D09,1640000,895.56,1831.26,2022-12-09,Resale,99 yrs
TXN00380,Harbourfront Suites,D04,2940000,2152.78,1365.68,2024-07-26,Sub Sale,Freehold
TXN01178,Lakeside Grandeur,D22,2620000,1849.24,1416.8,2023-04-29,Resale,99 yrs
TXN01548,The Arcadia,D10,3180000,1769.59,1797.03,2025-03-25,Sub Sale,99 yrs
TXN01605,The Arcadia,D10,2820000,1586.6,1777.39,2025-05-08,New Sale,99 yrs
TXN01509,Lakeside Grandeur,D22,2370000,1520.94,1558.25,2021-12-29,Resale,99 yrs
TXN01117,Marina Heights,D01,3680000,1645.8,2235.99,2024-09-16,Resale,Freehold
TXN00822,Cedar Park,D16,1790000,782.54,2287.44,2021-12-29,Sub Sale,99 yrs
TXN00986,Harbourfront Suites,D04,2190000,984.0,2225.61,2024-05-07,Sub Sale,Freehold
TXN00354,Rivervale Gardens,D19,1240000,693.0,1789.32,2023-12-04,Resale,Freehold
TXN00477,The Arcadia,D10,1850000,1218.47,1518.29,2025-07-29,Sub Sale,Freehold
TXN00226,Skyline Residences,D19,1360000,816.0,1666.67,2024-11-10,New Sale,Freehold
TXN01560,The Botanica,D23,890000,598.47,1487.12,2025-06-10,New Sale,99 yrs
TXN01307,Cedar Park,D16,1920000,1134.52,1692.35,2024-11-22,Resale,Freehold
TXN01070,The Arcadia,D10,1940000,1571.53,1234.47,2025-05-30,Sub Sale,Freehold
TXN00312,Rivervale Gardens,D19,2010000,970.9,2070.24,2023-03-23,Resale,Freehold
TXN00203,Rivervale Gardens,D19,1750000,740.0,2364.86,2024-12-09,Sub Sale,Freehold
TXN01417,Emerald Vista,D21,1030000,687.81,1497.5,2023-03-06,Resale,Freehold
TXN00890,Lakeside Grandeur,D22,2080000,1447.74,1436.72,2022-04-01,New Sale,Freehold
TXN01614,The Seaview Residences,D15,2590000,1359.48,1905.14,2025-02-24,Resale,99 yrs
TXN01650,Marina Heights,D01,2060000,1134.52,1815.75,2025-11-29,Sub Sale,Freehold
TXN00187,The Seaview Residences,D15,2270000,955.0,2376.96,2023-12-13,Sub Sale,99 yrs
TXN00951,Lakeside Grandeur,D22,1640000,934.31,1755.31,2024-10-27,Sub Sale,99 yrs
TXN01656,The Arcadia,D10,1900000,1418.68,1339.27,2024-10-26,New Sale,99 yrs
TXN00760,The Botanica,D23,1140000,509.0,2239.69,2025-11-03,New Sale,99 yrs
TXN00111,The Seaview Residences,D15,1070000,537.0,1992.55,2022-03-09,New Sale,99 yrs
TXN01137,Rivervale Gardens,D19,2160000,1327.19,1627.5,2022-05-27,Resale,99 yrs
TXN01051,Rivervale Gardens,D19,2570000,1110.83,2313.58,2021-08-20,Sub Sale,99 yrs
TXN01295,Rivervale Gardens,D19,2010000,1764.0,1139.46,2022-07-05,Sub Sale,Freehold
TXN00321,Harbourfront Suites,D04,1440000,970.9,1483.15,2024-03-05,Sub Sale,Freehold
TXN01000,Skyline Residences,D19,1740000,1416.53,1228.35,2021-06-14,Resale,Freehold
TXN00659,The Arcadia,D10,3370000,1911.0,1763.47,2022-10-26,Sub Sale,99 yrs
TXN01603,Parkview Residences,D14,1770000,1121.0,1578.95,2022-12-20,Resale,Freehold
TXN00827,The Botanica,D23,1630000,1326.0,1229.26,2024-05-02,Sub Sale,99 yrs
TXN00646,Skyline Residences,D19,820000,454.24,1805.23,2025-05-29,Sub Sale,99 yrs
TXN00431,Rivervale Gardens,D19,1140000,707.19,1612.02,2021-01-05,Resale,99 yrs
TXN00925,The Botanica,D23,1950000,918.16,2123.81,2022-07-09,Resale,Freehold
TXN01376,Marina Heights,D01,1420000,1125.0,1262.22,2022-02-10,Resale,Freehold
TXN00981,Cedar Park,D16,900000,537.12,1675.61,2021-09-17,New Sale,Freehold
TXN00596,The Arcadia,D10,1410000,1094.69,1288.04,2021-01-15,New Sale,Freehold
TXN00544,The Arcadia,D10,2950000,1312.12,2248.27,2022-07-28,Sub Sale,Freehold
TXN01429,Emerald Vista,D21,1210000,588.79,2055.08,2021-11-10,Resale,99 yrs
TXN00265,Rivervale Gardens,D19,1440000,1140.97,1262.08,2025-08-11,New Sale,99 yrs
TXN01257,Rivervale Gardens,D19,1480000,941.0,1572.79,2024-05-31,Sub Sale,Freehold
TXN00960,Marina Heights,D01,3390000,1784.65,1899.53,2022-03-06,New Sale,99 yrs
TXN01076,Orchard Grand,D09,3500000,1593.06,2197.03,2022-01-17,Resale,Freehold
TXN00557,Harbourfront Suites,D04,1840000,1034.41,1778.79,2021-12-05,Sub Sale,99 yrs
TXN00055,Skyline Residences,D19,2250000,969.0,2321.98,2025-10-13,New Sale,Freehold
TXN01473,Harbourfront Suites,D04,1950000,868.65,2244.87,2021-10-25,Resale,Freehold
TXN01071,Orchard Grand,D09,1880000,1260.45,1491.53,2022-12-07,Sub Sale,Freehold
TXN00542,Orchard Grand,D09,2610000,1108.68,2354.15,2022-11-08,Resale,99 yrs
TXN00135,Parkview Residences,D14,4190000,2031.0,2063.02,2021-05-04,Sub Sale,Freehold
TXN00408,The Seaview Residences,D15,1860000,782.0,2378.52,2021-09-13,New Sale,99 yrs
TXN01217,Lakeside Grandeur,D22,3180000,1932.0,1645.96,2024-09-03,Sub Sale,Freehold
TXN00665,Emerald Vista,D21,2680000,1866.46,1435.87,2021-06-09,Resale,99 yrs
TXN00150,Cedar Park,D16,610000,460.69,1324.09,2024-04-15,New Sale,Freehold
TXN00393,The Seaview Residences,D15,1180000,578.0,2041.52,2021-10-15,Resale,99 yrs
TXN01272,Cedar Park,D16,1690000,1031.18,1638.9,2022-05-19,Resale,Freehold
TXN00374,Parkview Residences,D14,2200000,1822.33,1207.25,2025-11-06,New Sale,99 yrs
TXN00202,Emerald Vista,D21,1970000,860.04,2290.6,2024-05-06,Resale,99 yrs
TXN00348,The Botanica,D23,1710000,935.38,1828.13,2025-11-07,New Sale,99 yrs
TXN00262,Parkview Residences,D14,3140000,2087.12,1504.47,2021-07-19,Sub Sale,Freehold
TXN00485,Rivervale Gardens,D19,1620000,702.88,2304.79,2024-04-09,Resale,Freehold
TXN01750,Lakeside Grandeur,D22,1260000,529.58,2379.23,2024-01-05,Sub Sale,Freehold
TXN01749,Emerald Vista,D21,3470000,1542.47,2249.64,2022-05-26,Sub Sale,Freehold
TXN01450,Harbourfront Suites,D04,2090000,1463.89,1427.7,2025-06-02,Sub Sale,Freehold
TXN00711,The Arcadia,D10,930000,690.0,1347.83,2025-04-27,Sub Sale,Freehold
TXN00815,The Arcadia,D10,1510000,1221.7,1235.98,2025-07-13,Sub Sale,Freehold
TXN01266,Marina Heights,D01,1430000,1125.9,1270.09,2021-06-22,Resale,Freehold
TXN01144,Marina Heights,D01,1330000,787.92,1687.99,2023-04-26,Sub Sale,Freehold
TXN00597,Lakeside Grandeur,D22,1870000,986.0,1896.55,2024-02-03,Sub Sale,Freehold
TXN00338,The Arcadia,D10,820000,673.82,1216.94,2021-12-31,Resale,99 yrs
TXN01573,Marina Heights,D01,1920000,985.97,1947.31,2025-03-04,Sub Sale,Freehold
TXN01680,Orchard Grand,D09,2010000,1395.0,1440.86,2025-12-29,Sub Sale,99 yrs
TXN00517,Cedar Park,D16,2670000,1619.97,1648.18,2025-09-09,New Sale,Freehold
TXN00808,Skyline Residences,D19,2540000,1062.0,2391.71,2021-02-04,New Sale,Freehold
TXN01644,Parkview Residences,D14,3110000,2022.0,1538.08,2023-06-25,New Sale,Freehold
TXN00263,Parkview Residences,D14,1930000,1087.0,1775.53,2023-09-08,New Sale,99 yrs
TXN01591,Emerald Vista,D21,1150000,772.85,1488.0,2023-12-21,Resale,Freehold
TXN00031,Parkview Residences,D14,3740000,2120.49,1763.74,2025-12-08,Sub Sale,99 yrs
TXN00011,Rivervale Gardens,D19,2410000,1096.0,2198.91,2023-06-27,Resale,99 yrs
TXN01589,Cedar Park,D16,2800000,1456.36,1922.61,2022-05-29,New Sale,99 yrs
TXN01180,Emerald Vista,D21,1070000,861.0,1242.74,2024-09-28,New Sale,Freehold
TXN00128,The Seaview Residences,D15,1450000,1035.49,1400.31,2024-07-09,New Sale,99 yrs
TXN00483,The Seaview Residences,D15,840000,473.61,1773.61,2021-03-09,Resale,Freehold
TXN01643,Skyline Residences,D19,940000,458.0,2052.4,2024-09-12,Resale,Freehold
TXN01657,The Seaview Residences,D15,1310000,956.91,1368.99,2025-04-19,Resale,Freehold
TXN01118,Parkview Residences,D14,2590000,1444.52,1792.99,2025-04-18,Resale,99 yrs
TXN01534,Parkview Residences,D14,2600000,1569.38,1656.71,2025-07-19,Resale,99 yrs
TXN00296,Emerald Vista,D21,1790000,916.01,1954.13,2022-08-21,Resale,Freehold
TXN00054,Cedar Park,D16,810000,681.0,1189.43,2023-09-08,Sub Sale,Freehold
TXN00061,Lakeside Grandeur,D22,1070000,942.92,1134.78,2022-08-16,Resale,Freehold
TXN00108,The Botanica,D23,3640000,1999.93,1820.06,2023-10-12,Sub Sale,99 yrs
TXN01279,Harbourfront Suites,D04,2330000,1328.27,1754.17,2024-07-30,New Sale,99 yrs
TXN00478,Orchard Grand,D09,1660000,711.0,2334.74,2023-05-30,Resale,Freehold
TXN00690,Rivervale Gardens,D19,1240000,965.52,1284.28,2022-05-11,Resale,99 yrs
TXN00129,Cedar Park,D16,2760000,2138.79,1290.45,2022-03-23,New Sale,Freehold
TXN01172,Rivervale Gardens,D19,2570000,1655.0,1552.87,2023-10-22,Sub Sale,99 yrs
TXN00323,Rivervale Gardens,D19,2110000,1529.0,1379.99,2025-05-22,Resale,99 yrs
TXN01705,Marina Heights,D01,1740000,1326.11,1312.11,2021-06-28,New Sale,Freehold
TXN01239,Cedar Park,D16,3820000,2033.0,1879.0,2021-07-21,Sub Sale,99 yrs
TXN00715,Harbourfront Suites,D04,2450000,1267.99,1932.2,2022-10-08,New Sale,99 yrs
TXN00508,Skyline Residences,D19,1100000,687.81,1599.27,2024-04-08,Sub Sale,Freehold
TXN01354,Emerald Vista,D21,1890000,1026.0,1842.11,2024-04-18,New Sale,99 yrs
TXN01559,The Seaview Residences,D15,3210000,1458.51,2200.88,2025-08-07,New Sale,Freehold
TXN01025,Lakeside Grandeur,D22,1260000,565.0,2230.09,2025-11-28,Resale,Freehold
TXN01418,Parkview Residences,D14,1470000,1241.0,1184.53,2022-08-10,New Sale,Freehold
TXN01688,Skyline Residences,D19,2010000,954.0,2106.92,2021-11-23,New Sale,Freehold
TXN01727,The Arcadia,D10,1030000,606.01,1699.65,2022-08-24,New Sale,99 yrs
TXN00048,The Botanica,D23,1230000,762.08,1614.0,2022-09-25,Sub Sale,Freehold
TXN01116,Harbourfront Suites,D04,1000000,529.0,1890.36,2021-01-15,Sub Sale,99 yrs
TXN00252,The Seaview Residences,D15,950000,678.13,1400.92,2021-11-27,Sub Sale,99 yrs
TXN00944,The Seaview Residences,D15,1180000,727.64,1621.68,2025-11-27,New Sale,99 yrs
TXN01662,Emerald Vista,D21,3890000,1876.0,2073.56,2024-11-02,Sub Sale,99 yrs
TXN00966,Skyline Residences,D19,1520000,644.0,2360.25,2021-02-27,Sub Sale,99 yrs
TXN01265,The Seaview Residences,D15,1190000,678.13,1754.84,2024-07-12,Sub Sale,Freehold
TXN00421,Orchard Grand,D09,3530000,1555.38,2269.54,2023-04-11,New Sale,Freehold
TXN00536,Harbourfront Suites,D04,1000000,706.11,1416.21,2021-03-11,New Sale,Freehold
TXN01599,Marina Heights,D01,3090000,1853.0,1667.57,2025-11-22,New Sale,99 yrs
TXN00896,Harbourfront Suites,D04,1280000,996.74,1284.19,2023-07-09,New Sale,99 yrs
TXN00020,Cedar Park,D16,4950000,2171.08,2279.97,2023-01-16,Sub Sale,99 yrs
TXN01595,The Seaview Residences,D15,850000,543.58,1563.72,2023-02-19,New Sale,99 yrs
TXN00365,The Botanica,D23,2030000,1458.51,1391.83,2021-03-27,Sub Sale,99 yrs
TXN00576,The Arcadia,D10,1380000,861.11,1602.58,2023-07-28,Resale,Freehold
TXN00998,Marina Heights,D01,1200000,669.51,1792.34,2023-12-18,Sub Sale,Freehold
TXN00841,Emerald Vista,D21,1940000,1334.72,1453.48,2025-08-19,Sub Sale,Freehold
TXN01554,The Botanica,D23,4230000,2134.0,1982.19,2022-02-07,New Sale,99 yrs
TXN01309,Cedar Park,D16,4680000,2200.14,2127.14,2024-07-10,Resale,Freehold
TXN00823,Emerald Vista,D21,5040000,2156.0,2337.66,2024-06-06,New Sale,99 yrs
TXN01192,The Arcadia,D10,1520000,730.87,2079.72,2023-07-02,New Sale,Freehold
TXN01101,Parkview Residences,D14,2970000,1253.0,2370.31,2024-03-21,Resale,99 yrs
TXN00630,Rivervale Gardens,D19,3260000,1399.31,2329.72,2021-05-25,Resale,Freehold
TXN01383,The Seaview Residences,D15,760000,592.01,1283.75,2025-10-06,New Sale,Freehold
TXN01008,Cedar Park,D16,3500000,1486.0,2355.32,2021-04-02,New Sale,99 yrs
TXN00900,Emerald Vista,D21,790000,635.07,1243.96,2021-05-28,New Sale,99 yrs
TXN00236,Rivervale Gardens,D19,4700000,2015.0,2332.5,2022-11-01,Resale,Freehold
TXN00575,Harbourfront Suites,D04,1510000,723.33,2087.56,2023-01-15,New Sale,Freehold
TXN01435,The Seaview Residences,D15,1710000,836.36,2044.59,2024-05-03,Sub Sale,99 yrs
TXN00752,Lakeside Grandeur,D22,920000,598.47,1537.25,2023-03-20,Resale,Freehold
TXN01447,Rivervale Gardens,D19,880000,702.88,1251.99,2024-11-01,New Sale,Freehold
TXN01403,Lakeside Grandeur,D22,1670000,1010.73,1652.27,2025-11-07,New Sale,99 yrs
TXN00499,Parkview Residences,D14,1170000,554.34,2110.61,2025-07-08,Resale,99 yrs
TXN00722,Emerald Vista,D21,690000,517.74,1332.71,2021-09-03,Sub Sale,Freehold
TXN00614,Rivervale Gardens,D19,1810000,1012.0,1788.54,2024-04-06,Sub Sale,99 yrs
TXN00375,Emerald Vista,D21,1140000,1010.0,1128.71,2022-12-29,Sub Sale,99 yrs
TXN00253,The Seaview Residences,D15,1130000,603.0,1873.96,2024-11-23,Sub Sale,99 yrs
TXN00056,Cedar Park,D16,2310000,1633.0,1414.57,2021-07-17,Resale,Freehold
TXN00913,The Seaview Residences,D15,2160000,1319.65,1636.79,2023-03-24,Resale,Freehold
TXN00303,Orchard Grand,D09,2220000,1293.0,1716.94,2025-09-06,New Sale,Freehold
TXN00907,Emerald Vista,D21,3150000,1389.62,2266.81,2024-04-30,Resale,99 yrs
TXN00065,Harbourfront Suites,D04,1590000,680.28,2337.28,2023-10-31,Resale,Freehold
TXN01221,The Arcadia,D10,890000,603.0,1475.95,2023-08-09,Sub Sale,99 yrs
TXN00140,Rivervale Gardens,D19,880000,687.81,1279.42,2025-02-23,New Sale,99 yrs
TXN00234,The Botanica,D23,1050000,602.78,1741.93,2021-07-13,New Sale,Freehold
TXN00059,Cedar Park,D16,1130000,475.76,2375.13,2023-04-29,Sub Sale,Freehold
TXN01389,The Seaview Residences,D15,630000,473.61,1330.2,2025-09-29,Resale,99 yrs
TXN00047,The Botanica,D23,1690000,896.63,1884.83,2025-08-27,New Sale,99 yrs
TXN00171,Orchard Grand,D09,2730000,1993.47,1369.47,2023-02-08,Sub Sale,99 yrs
TXN00696,Emerald Vista,D21,2320000,1446.0,1604.43,2023-03-18,Resale,99 yrs
TXN01725,Parkview Residences,D14,1490000,733.0,2032.74,2025-10-21,New Sale,99 yrs
TXN01465,Harbourfront Suites,D04,1300000,564.03,2304.85,2024-02-13,Sub Sale,Freehold
TXN01100,Skyline Residences,D19,2470000,1964.41,1257.37,2022-09-19,New Sale,Freehold
TXN00561,Lakeside Grandeur,D22,900000,687.81,1308.49,2024-11-06,New Sale,Freehold
TXN00938,The Arcadia,D10,850000,657.0,1293.76,2024-07-24,Sub Sale,99 yrs
TXN00452,The Arcadia,D10,1170000,770.0,1519.48,2022-12-17,New Sale,Freehold
TXN01293,Rivervale Gardens,D19,4710000,2089.27,2254.37,2025-11-06,Sub Sale,Freehold
TXN01740,The Botanica,D23,2810000,1333.65,2107.0,2024-06-26,New Sale,Freehold
TXN00363,Skyline Residences,D19,2020000,858.0,2354.31,2021-10-19,New Sale,99 yrs
TXN00601,The Arcadia,D10,1030000,655.52,1571.27,2025-06-04,New Sale,99 yrs
TXN00522,The Seaview Residences,D15,2600000,1573.68,1652.18,2023-07-23,Sub Sale,Freehold
TXN01480,Emerald Vista,D21,2990000,1426.22,2096.46,2022-09-17,New Sale,Freehold
TXN01440,Cedar Park,D16,2640000,1303.51,2025.3,2025-03-12,Resale,99 yrs
TXN00985,Parkview Residences,D14,570000,512.36,1112.5,2025-08-08,Sub Sale,Freehold
TXN00074,Harbourfront Suites,D04,1230000,649.0,1895.22,2022-05-09,Sub Sale,99 yrs
TXN00563,Emerald Vista,D21,1740000,1289.52,1349.34,2022-06-01,Sub Sale,Freehold
TXN00520,Parkview Residences,D14,2240000,1335.8,1676.9,2024-08-28,New Sale,99 yrs
TXN01369,Rivervale Gardens,D19,1090000,650.14,1676.56,2022-08-20,Resale,99 yrs
TXN01624,The Arcadia,D10,1380000,932.15,1480.44,2023-02-20,Sub Sale,Freehold
TXN01505,The Arcadia,D10,1170000,676.0,1730.77,2023-11-19,Sub Sale,Freehold
TXN01704,Rivervale Gardens,D19,2110000,1048.4,2012.58,2024-01-12,New Sale,Freehold
TXN00854,The Arcadia,D10,870000,482.0,1804.98,2025-10-02,Sub Sale,Freehold
TXN00170,The Arcadia,D10,2140000,1005.35,2128.62,2023-07-23,New Sale,Freehold
TXN01706,Emerald Vista,D21,890000,778.23,1143.62,2024-06-27,New Sale,Freehold
TXN01535,Orchard Grand,D09,1520000,1275.52,1191.67,2023-01-17,Sub Sale,99 yrs
TXN00838,The Botanica,D23,1930000,1378.0,1400.58,2022-08-08,Sub Sale,99 yrs
TXN00068,Orchard Grand,D09,1770000,800.83,2210.2,2024-05-08,Resale,99 yrs
TXN01318,The Arcadia,D10,2610000,1291.0,2021.69,2024-11-14,New Sale,Freehold
TXN00366,The Botanica,D23,3970000,1849.24,2146.83,2023-03-21,Resale,Freehold
TXN01601,Marina Heights,D01,1460000,1013.96,1439.9,2022-05-07,New Sale,99 yrs
TXN01019,The Seaview Residences,D15,1010000,854.0,1182.67,2023-04-27,New Sale,99 yrs
TXN00550,The Seaview Residences,D15,2470000,1073.16,2301.61,2025-09-12,Resale,99 yrs
TXN00790,Cedar Park,D16,1550000,981.0,1580.02,2022-11-28,Sub Sale,Freehold
TXN01490,The Seaview Residences,D15,1290000,908.47,1419.96,2024-06-14,Resale,Freehold
TXN00125,Emerald Vista,D21,2520000,1750.0,1440.0,2021-12-11,Sub Sale,Freehold
TXN00204,Emerald Vista,D21,2320000,1684.55,1377.22,2022-12-06,Sub Sale,99 yrs
TXN00782,The Arcadia,D10,2510000,1157.12,2169.18,2022-01-16,Sub Sale,Freehold
TXN01433,The Seaview Residences,D15,2310000,1481.11,1559.64,2024-08-20,Resale,99 yrs
TXN01124,Marina Heights,D01,3330000,2181.84,1526.23,2025-01-29,Sub Sale,Freehold
TXN00554,Cedar Park,D16,2330000,1415.45,1646.12,2021-08-25,New Sale,Freehold
TXN00097,Cedar Park,D16,1710000,991.36,1724.91,2024-11-14,New Sale,99 yrs
TXN01167,The Seaview Residences,D15,1270000,654.45,1940.58,2021-10-14,Sub Sale,Freehold
TXN01690,Cedar Park,D16,2480000,1036.56,2392.52,2023-03-26,Resale,99 yrs
TXN01205,Marina Heights,D01,810000,733.0,1105.05,2024-12-02,New Sale,99 yrs
TXN00093,Harbourfront Suites,D04,1380000,1145.28,1204.95,2025-01-09,Sub Sale,99 yrs
TXN00963,Emerald Vista,D21,1650000,1221.7,1350.57,2025-08-20,Sub Sale,Freehold
TXN01636,Harbourfront Suites,D04,3490000,1683.47,2073.09,2024-06-09,Resale,99 yrs
TXN01131,The Botanica,D23,930000,601.7,1545.62,2021-05-11,New Sale,Freehold
TXN00818,Marina Heights,D01,4610000,2089.0,2206.8,2024-07-15,Resale,99 yrs
TXN01730,Harbourfront Suites,D04,940000,815.9,1152.1,2025-03-02,Resale,99 yrs
TXN01365,Emerald Vista,D21,2930000,1345.49,2177.65,2025-04-12,Resale,99 yrs
TXN00176,Skyline Residences,D19,1690000,730.87,2312.32,2025-11-02,New Sale,Freehold
TXN01545,The Seaview Residences,D15,590000,451.01,1308.18,2022-12-03,Sub Sale,Freehold
TXN01288,Skyline Residences,D19,1030000,695.35,1481.27,2024-12-17,Resale,99 yrs
TXN01357,Cedar Park,D16,2290000,1898.75,1206.06,2021-05-26,New Sale,99 yrs
TXN00079,The Seaview Residences,D15,2060000,914.93,2251.53,2024-11-22,Resale,99 yrs
TXN00472,Orchard Grand,D09,1660000,744.86,2228.6,2024-07-11,Resale,99 yrs
TXN00759,The Arcadia,D10,1330000,739.48,1798.56,2023-09-22,New Sale,99 yrs
TXN01586,The Arcadia,D10,990000,700.73,1412.81,2024-04-03,Sub Sale,99 yrs
TXN01616,Cedar Park,D16,1260000,673.82,1869.94,2021-12-30,Sub Sale,99 yrs
TXN00955,Orchard Grand,D09,2180000,1085.0,2009.22,2025-01-02,Sub Sale,99 yrs
TXN01212,Skyline Residences,D19,1100000,852.5,1290.32,2021-03-22,Resale,99 yrs
TXN00217,The Botanica,D23,2870000,1422.0,2018.28,2024-08-04,Sub Sale,99 yrs
TXN00157,Rivervale Gardens,D19,1960000,1556.46,1259.27,2021-09-04,Resale,99 yrs
TXN01032,The Seaview Residences,D15,1480000,889.1,1664.61,2025-08-26,New Sale,Freehold
TXN00834,The Seaview Residences,D15,2020000,1429.45,1413.13,2022-09-29,New Sale,99 yrs
TXN00358,Skyline Residences,D19,1270000,892.0,1423.77,2023-01-27,Resale,Freehold
TXN00441,Rivervale Gardens,D19,800000,697.5,1146.95,2025-06-15,Sub Sale,99 yrs
TXN00868,Orchard Grand,D09,2150000,940.76,2285.37,2023-12-02,New Sale,99 yrs
TXN01402,Cedar Park,D16,800000,466.0,1716.74,2024-11-14,Resale,99 yrs
TXN00643,Skyline Residences,D19,2450000,1327.0,1846.27,2022-10-15,Sub Sale,Freehold
TXN00295,Emerald Vista,D21,1510000,689.97,2188.51,2022-01-21,Resale,99 yrs
TXN01584,Cedar Park,D16,1860000,777.15,2393.35,2025-07-06,New Sale,Freehold
TXN00559,Orchard Grand,D09,3550000,1861.08,1907.5,2022-03-31,Resale,99 yrs
TXN01504,The Arcadia,D10,2180000,1023.0,2130.99,2024-09-29,Resale,99 yrs
TXN00642,Parkview Residences,D14,1240000,1086.0,1141.8,2021-10-04,Sub Sale,99 yrs
TXN00732,Marina Heights,D01,1280000,786.84,1626.76,2021-11-02,Resale,99 yrs
TXN01442,Parkview Residences,D14,1560000,703.0,2219.06,2022-01-11,Sub Sale,Freehold
TXN01353,Parkview Residences,D14,1280000,743.79,1720.93,2022-05-26,New Sale,Freehold
TXN00743,Harbourfront Suites,D04,1020000,613.54,1662.48,2025-11-03,Resale,99 yrs
TXN01540,Marina Heights,D01,2080000,1247.54,1667.29,2021-07-20,Resale,Freehold
TXN00109,The Arcadia,D10,1420000,761.01,1865.95,2021-01-25,Sub Sale,Freehold
TXN00640,The Seaview Residences,D15,1130000,618.92,1825.75,2024-04-09,New Sale,99 yrs
TXN00746,Harbourfront Suites,D04,2960000,1314.27,2252.2,2022-10-21,New Sale,Freehold
TXN00344,Marina Heights,D01,890000,557.0,1597.85,2023-05-15,Resale,Freehold
TXN01248,Harbourfront Suites,D04,1120000,937.54,1194.62,2025-03-16,Sub Sale,Freehold
TXN00891,Emerald Vista,D21,610000,507.0,1203.16,2023-01-23,Resale,99 yrs
TXN01479,Parkview Residences,D14,1270000,1098.0,1156.65,2022-01-23,Resale,Freehold
TXN00453,Orchard Grand,D09,1030000,523.0,1969.41,2025-09-12,Resale,99 yrs
TXN01438,Parkview Residences,D14,1280000,712.57,1796.31,2023-06-29,New Sale,Freehold
TXN00653,Skyline Residences,D19,1040000,614.62,1692.11,2021-01-27,New Sale,Freehold
TXN01089,The Arcadia,D10,3310000,1464.97,2259.44,2022-10-22,New Sale,Freehold
TXN00606,The Botanica,D23,3040000,1728.68,1758.56,2022-03-04,Resale,Freehold
TXN01133,Emerald Vista,D21,1550000,1387.47,1117.14,2024-08-25,Resale,Freehold
TXN00304,Orchard Grand,D09,3390000,2033.3,1667.24,2025-11-14,Sub Sale,99 yrs
TXN01651,Harbourfront Suites,D04,1150000,749.17,1535.04,2023-10-06,New Sale,Freehold
TXN00188,Marina Heights,D01,1270000,819.13,1550.42,2021-08-23,New Sale,99 yrs
TXN01536,The Arcadia,D10,1960000,837.0,2341.7,2023-10-03,Resale,99 yrs
TXN00045,Lakeside Grandeur,D22,1290000,992.0,1300.4,2022-10-27,New Sale,Freehold
TXN00067,Lakeside Grandeur,D22,3520000,1567.22,2246.01,2023-11-08,New Sale,Freehold
TXN00392,Emerald Vista,D21,1750000,1328.0,1317.77,2023-05-08,Sub Sale,Freehold
TXN01685,The Botanica,D23,2430000,1681.32,1445.29,2025-10-09,Sub Sale,99 yrs
TXN00082,The Seaview Residences,D15,1020000,715.0,1426.57,2022-02-07,Resale,99 yrs
TXN00438,The Seaview Residences,D15,2310000,1272.0,1816.04,2021-02-01,Resale,99 yrs
TXN01122,Marina Heights,D01,1900000,894.48,2124.14,2023-07-17,Sub Sale,Freehold
TXN00867,The Seaview Residences,D15,1810000,934.31,1937.27,2021-05-31,Sub Sale,99 yrs
TXN01003,Skyline Residences,D19,3900000,1814.79,2149.0,2022-05-30,Resale,99 yrs
TXN01420,The Seaview Residences,D15,820000,659.83,1242.75,2025-06-26,Resale,99 yrs
TXN00650,Lakeside Grandeur,D22,1360000,740.56,1836.46,2024-01-24,Resale,Freehold
TXN00107,Cedar Park,D16,1820000,810.52,2245.47,2022-08-28,New Sale,99 yrs
TXN00078,Emerald Vista,D21,950000,514.51,1846.4,2023-01-30,Resale,Freehold
TXN01321,Lakeside Grandeur,D22,1660000,1400.38,1185.39,2021-07-30,Sub Sale,99 yrs
TXN00589,Orchard Grand,D09,1210000,942.92,1283.25,2024-02-15,Sub Sale,99 yrs
TXN00294,Harbourfront Suites,D04,1090000,821.29,1327.19,2025-03-23,New Sale,Freehold
TXN01115,The Botanica,D23,1810000,1273.37,1421.43,2024-10-27,Resale,99 yrs
TXN00631,The Arcadia,D10,2440000,1449.0,1683.92,2024-02-11,Resale,Freehold
TXN00465,Rivervale Gardens,D19,1470000,743.79,1976.38,2023-09-01,Sub Sale,Freehold
TXN00340,Cedar Park,D16,1150000,971.98,1183.15,2023-10-12,New Sale,Freehold
TXN01356,The Botanica,D23,2950000,1444.52,2042.21,2023-03-30,Resale,99 yrs
TXN00003,Rivervale Gardens,D19,1090000,732.0,1489.07,2025-10-11,New Sale,99 yrs
TXN01215,The Seaview Residences,D15,1450000,738.0,1964.77,2025-06-12,Resale,99 yrs
TXN00314,Emerald Vista,D21,800000,512.0,1562.5,2024-10-20,New Sale,Freehold
TXN01185,Harbourfront Suites,D04,1110000,798.68,1389.79,2022-11-10,New Sale,99 yrs
TXN00281,Emerald Vista,D21,1400000,939.69,1489.86,2025-02-14,Resale,99 yrs
TXN00845,Orchard Grand,D09,1410000,651.0,2165.9,2025-01-04,Resale,99 yrs
TXN01405,Emerald Vista,D21,830000,465.0,1784.95,2023-04-14,Sub Sale,99 yrs
TXN01625,The Arcadia,D10,1200000,589.86,2034.38,2021-05-25,Sub Sale,99 yrs
TXN01444,The Arcadia,D10,1300000,651.22,1996.27,2022-05-30,Sub Sale,Freehold
TXN01168,Orchard Grand,D09,3650000,1720.0,2122.09,2025-04-03,Resale,99 yrs
TXN00422,Lakeside Grandeur,D22,1290000,556.49,2318.09,2021-03-22,Sub Sale,Freehold
TXN00398,Cedar Park,D16,4300000,1872.92,2295.88,2022-04-22,New Sale,Freehold
TXN01588,Orchard Grand,D09,1180000,655.0,1801.53,2021-03-31,Resale,99 yrs
TXN01576,Parkview Residences,D14,1590000,1439.13,1104.83,2024-03-09,Sub Sale,Freehold
TXN00874,Cedar Park,D16,3670000,1640.42,2237.23,2023-09-08,Resale,99 yrs
TXN01426,Rivervale Gardens,D19,670000,477.92,1401.92,2023-07-19,New Sale,Freehold
TXN00929,The Botanica,D23,1110000,732.0,1516.39,2022-07-13,Sub Sale,99 yrs
TXN00235,The Botanica,D23,930000,741.63,1253.99,2024-05-04,Resale,99 yrs
TXN01641,Harbourfront Suites,D04,830000,704.0,1178.98,2023-10-10,Resale,Freehold
TXN00228,Harbourfront Suites,D04,3170000,1401.46,2261.93,2021-05-22,New Sale,Freehold
TXN01439,Cedar Park,D16,1370000,1026.88,1334.14,2023-12-31,Sub Sale,Freehold
TXN00978,The Arcadia,D10,3190000,1406.84,2267.49,2023-04-14,Resale,99 yrs
TXN01668,Lakeside Grandeur,D22,3130000,1795.0,1743.73,2023-03-21,New Sale,Freehold
TXN00246,Parkview Residences,D14,3630000,1753.0,2070.74,2023-04-26,Resale,Freehold
TXN00444,Orchard Grand,D09,2120000,1890.0,1121.69,2025-01-19,Sub Sale,99 yrs
TXN00953,Emerald Vista,D21,2340000,1021.49,2290.76,2021-03-17,New Sale,99 yrs
TXN01301,The Botanica,D23,3100000,1299.0,2386.45,2024-05-12,Sub Sale,Freehold
TXN00083,Orchard Grand,D09,1090000,938.0,1162.05,2024-06-19,New Sale,Freehold
TXN00965,The Arcadia,D10,1230000,620.0,1983.87,2024-08-25,New Sale,Freehold
TXN00289,Parkview Residences,D14,2830000,1389.0,2037.44,2021-09-18,New Sale,Freehold
TXN01081,Orchard Grand,D09,1660000,1167.88,1421.38,2022-04-19,New Sale,Freehold
TXN00894,Marina Heights,D01,1720000,726.56,2367.31,2025-10-13,New Sale,99 yrs
TXN01443,Orchard Grand,D09,4210000,1780.35,2364.7,2023-11-17,New Sale,99 yrs
TXN01012,Skyline Residences,D19,2010000,1370.24,1466.89,2024-11-04,Resale,Freehold
TXN00051,Skyline Residences,D19,1160000,570.49,2033.35,2025-09-04,New Sale,Freehold
TXN01675,Orchard Grand,D09,1090000,632.92,1722.18,2021-09-07,New Sale,Freehold
TXN01422,Cedar Park,D16,1680000,1240.0,1354.84,2023-09-25,Resale,99 yrs
TXN01254,Harbourfront Suites,D04,1040000,608.16,1710.08,2025-07-14,Sub Sale,Freehold
TXN01300,Cedar Park,D16,2250000,1032.26,2179.69,2022-06-19,Resale,Freehold
TXN00242,Harbourfront Suites,D04,1850000,1302.43,1420.42,2023-10-24,Sub Sale,99 yrs
TXN00015,Cedar Park,D16,2640000,1209.0,2183.62,2021-08-25,New Sale,Freehold
TXN00788,Cedar Park,D16,3600000,1820.18,1977.83,2022-07-27,Resale,Freehold
TXN00527,Orchard Grand,D09,1270000,557.0,2280.07,2022-07-15,Resale,Freehold
TXN01349,Rivervale Gardens,D19,780000,465.0,1677.42,2021-09-19,New Sale,99 yrs
TXN00404,Lakeside Grandeur,D22,1490000,658.75,2261.86,2023-11-10,Sub Sale,Freehold
TXN00763,Marina Heights,D01,1100000,705.0,1560.28,2024-06-28,Sub Sale,99 yrs
TXN00162,Skyline Residences,D19,1150000,573.0,2006.98,2025-03-14,New Sale,99 yrs
TXN01052,Cedar Park,D16,3550000,1514.48,2344.04,2024-10-09,Sub Sale,99 yrs
TXN00043,The Arcadia,D10,1640000,846.04,1938.44,2024-09-21,New Sale,Freehold
TXN01633,Rivervale Gardens,D19,1340000,667.36,2007.91,2025-01-11,Sub Sale,99 yrs
TXN00301,The Seaview Residences,D15,2530000,1336.88,1892.47,2022-03-18,Sub Sale,Freehold
TXN00568,Rivervale Gardens,D19,1560000,1387.0,1124.73,2025-10-16,Resale,Freehold
TXN00017,The Seaview Residences,D15,1430000,1051.0,1360.61,2024-09-27,Sub Sale,99 yrs
TXN00250,The Arcadia,D10,1350000,931.08,1449.93,2023-05-10,Sub Sale,99 yrs
TXN00902,Skyline Residences,D19,1830000,773.92,2364.57,2024-03-05,Resale,Freehold
TXN00407,Emerald Vista,D21,970000,499.44,1942.16,2024-12-12,New Sale,99 yrs
TXN00080,Skyline Residences,D19,2130000,965.52,2206.06,2021-06-09,Resale,Freehold
TXN01598,Lakeside Grandeur,D22,1440000,1086.08,1325.87,2025-06-02,Resale,99 yrs
TXN00681,Skyline Residences,D19,1250000,908.47,1375.93,2023-08-09,Resale,99 yrs
TXN00479,Cedar Park,D16,1090000,617.85,1764.19,2021-07-30,Sub Sale,99 yrs
TXN00405,The Seaview Residences,D15,2460000,1050.56,2341.62,2021-01-26,Sub Sale,99 yrs
TXN00297,Cedar Park,D16,2960000,1718.0,1722.93,2023-02-01,Resale,99 yrs
TXN01658,Rivervale Gardens,D19,1250000,689.97,1811.68,2021-03-19,Sub Sale,99 yrs
TXN00667,Marina Heights,D01,620000,465.0,1333.33,2021-02-16,Resale,99 yrs
TXN00811,Orchard Grand,D09,640000,505.0,1267.33,2023-08-05,New Sale,99 yrs
TXN01050,Orchard Grand,D09,1000000,740.0,1351.35,2023-08-08,Sub Sale,Freehold
TXN01639,The Botanica,D23,1200000,948.0,1265.82,2025-10-02,Resale,99 yrs
TXN00182,The Arcadia,D10,1640000,702.88,2333.25,2022-07-15,New Sale,Freehold
TXN00450,Lakeside Grandeur,D22,1080000,978.44,1103.8,2025-07-27,Sub Sale,99 yrs
TXN01316,The Botanica,D23,1030000,522.0,1973.18,2021-06-04,New Sale,99 yrs
TXN00371,The Botanica,D23,3740000,2123.72,1761.06,2023-01-11,Sub Sale,Freehold
TXN00591,Harbourfront Suites,D04,1420000,711.49,1995.8,2024-07-23,Sub Sale,99 yrs
TXN00949,Lakeside Grandeur,D22,2010000,1163.58,1727.43,2024-08-05,New Sale,99 yrs
TXN00916,The Botanica,D23,1490000,679.2,2193.75,2023-05-15,Resale,99 yrs
TXN00844,Orchard Grand,D09,1250000,940.0,1329.79,2021-12-20,Sub Sale,99 yrs
TXN00537,The Arcadia,D10,3100000,1346.56,2302.16,2022-09-11,Resale,Freehold
TXN01457,Harbourfront Suites,D04,1360000,614.0,2214.98,2022-07-28,New Sale,Freehold
TXN00052,Cedar Park,D16,1220000,638.0,1912.23,2021-04-14,Resale,99 yrs
TXN01259,Harbourfront Suites,D04,2480000,1541.39,1608.94,2022-05-12,New Sale,99 yrs
TXN00306,The Botanica,D23,2630000,1446.67,1817.97,2022-11-28,Resale,99 yrs
TXN01371,The Seaview Residences,D15,1210000,777.15,1556.96,2022-01-13,Sub Sale,99 yrs
TXN00641,Orchard Grand,D09,3180000,1412.0,2252.12,2024-09-21,Resale,Freehold
TXN01095,Emerald Vista,D21,2620000,1337.95,1958.22,2021-01-29,Sub Sale,Freehold
TXN00396,Cedar Park,D16,1670000,1094.0,1526.51,2022-10-25,New Sale,99 yrs
TXN00322,The Botanica,D23,2880000,1898.75,1516.79,2023-12-04,Resale,99 yrs
TXN01507,Marina Heights,D01,2940000,1383.16,2125.57,2024-07-02,Sub Sale,Freehold
TXN01748,Lakeside Grandeur,D22,1060000,928.92,1141.1,2023-03-01,Sub Sale,99 yrs
TXN01229,The Botanica,D23,1570000,916.0,1713.97,2024-11-05,Sub Sale,99 yrs
TXN00177,The Seaview Residences,D15,2160000,914.93,2360.83,2021-11-01,Resale,Freehold
TXN00992,The Seaview Residences,D15,1280000,539.27,2373.57,2023-12-27,Resale,Freehold
TXN01620,Cedar Park,D16,1540000,701.81,2194.34,2025-01-29,Sub Sale,Freehold
TXN01075,The Botanica,D23,1400000,707.0,1980.2,2021-03-26,Sub Sale,Freehold
TXN01021,Marina Heights,D01,2130000,1007.5,2114.14,2022-12-14,New Sale,Freehold
TXN00799,Harbourfront Suites,D04,1500000,669.51,2240.43,2022-12-17,Sub Sale,Freehold
TXN01516,The Botanica,D23,590000,475.76,1240.11,2025-01-07,Sub Sale,Freehold
TXN00200,The Botanica,D23,1740000,744.86,2336.0,2023-09-14,New Sale,99 yrs
TXN00095,Skyline Residences,D19,1970000,1435.9,1371.96,2025-02-06,Sub Sale,Freehold
TXN00946,Lakeside Grandeur,D22,1080000,833.13,1296.32,2023-06-04,Sub Sale,99 yrs
TXN00670,Parkview Residences,D14,3460000,2035.45,1699.87,2024-05-18,New Sale,Freehold
TXN01577,Emerald Vista,D21,2960000,2150.63,1376.34,2022-01-16,Sub Sale,Freehold
TXN01532,Harbourfront Suites,D04,1630000,929.0,1754.57,2024-07-05,Resale,99 yrs
TXN00516,The Seaview Residences,D15,1610000,733.02,2196.39,2023-02-20,Resale,Freehold
TXN00813,Cedar Park,D16,1920000,960.0,2000.0,2024-04-13,Resale,99 yrs
TXN01112,Rivervale Gardens,D19,1000000,717.95,1392.85,2021-07-11,New Sale,99 yrs
TXN00437,Marina Heights,D01,770000,517.0,1489.36,2023-04-15,Sub Sale,Freehold
TXN01736,The Arcadia,D10,780000,470.0,1659.57,2022-04-30,Sub Sale,99 yrs
TXN00390,The Seaview Residences,D15,1090000,682.43,1597.23,2025-02-18,Sub Sale,Freehold
TXN00560,Lakeside Grandeur,D22,1390000,905.0,1535.91,2021-11-05,New Sale,Freehold
TXN00774,Lakeside Grandeur,D22,1030000,700.73,1469.9,2024-03-18,Sub Sale,Freehold
TXN00833,Harbourfront Suites,D04,1240000,667.0,1859.07,2022-11-21,Resale,Freehold
TXN00933,Parkview Residences,D14,2130000,1015.04,2098.45,2025-08-18,Sub Sale,99 yrs
TXN01097,Parkview Residences,D14,3630000,2082.81,1742.83,2022-08-31,Resale,Freehold
TXN01483,Lakeside Grandeur,D22,2090000,1314.0,1590.56,2021-12-22,New Sale,99 yrs
TXN01267,Emerald Vista,D21,2140000,1386.0,1544.01,2022-03-18,Sub Sale,Freehold
TXN01524,Skyline Residences,D19,1430000,649.06,2203.18,2022-07-08,New Sale,Freehold
TXN00971,Lakeside Grandeur,D22,2200000,1139.0,1931.52,2025-09-01,Sub Sale,Freehold
TXN00684,The Seaview Residences,D15,2140000,1187.26,1802.47,2023-08-20,Sub Sale,99 yrs
TXN00335,Emerald Vista,D21,810000,545.73,1484.25,2023-11-10,New Sale,Freehold
TXN00196,Skyline Residences,D19,1750000,793.0,2206.81,2025-07-23,Sub Sale,99 yrs
TXN01463,Parkview Residences,D14,1620000,1142.05,1418.5,2025-05-20,New Sale,99 yrs
TXN00442,Rivervale Gardens,D19,1790000,1252.92,1428.66,2023-10-29,New Sale,Freehold
TXN00155,The Seaview Residences,D15,2350000,989.0,2376.14,2021-06-17,New Sale,Freehold
TXN00518,Harbourfront Suites,D04,1590000,679.2,2340.98,2025-11-15,Resale,99 yrs
TXN00163,Marina Heights,D01,900000,786.84,1143.81,2022-04-04,Sub Sale,Freehold
TXN00208,The Arcadia,D10,1580000,994.58,1588.6,2024-10-03,Sub Sale,99 yrs
TXN01618,Skyline Residences,D19,840000,705.04,1191.43,2023-06-12,New Sale,99 yrs
TXN01414,The Seaview Residences,D15,1040000,452.08,2300.46,2025-11-16,Resale,Freehold
TXN01256,Parkview Residences,D14,890000,710.42,1252.78,2022-01-07,Resale,Freehold
TXN01722,Emerald Vista,D21,2940000,1931.04,1522.49,2023-10-31,New Sale,99 yrs
TXN01660,The Arcadia,D10,930000,826.0,1125.91,2022-12-06,Sub Sale,Freehold
TXN01296,Skyline Residences,D19,4450000,1864.31,2386.95,2022-07-21,Sub Sale,Freehold
TXN01696,Cedar Park,D16,780000,656.6,1187.94,2024-08-14,New Sale,Freehold
TXN01424,The Seaview Residences,D15,3460000,1692.0,2044.92,2024-11-04,New Sale,Freehold
TXN00088,Cedar Park,D16,2030000,957.99,2119.03,2021-11-02,New Sale,Freehold
TXN01222,Cedar Park,D16,1420000,1019.0,1393.52,2023-04-01,New Sale,Freehold
TXN00543,The Seaview Residences,D15,2030000,996.0,2038.15,2022-12-19,New Sale,Freehold
TXN01024,Orchard Grand,D09,1090000,748.0,1457.22,2024-08-28,Resale,99 yrs
TXN00326,Orchard Grand,D09,2210000,1275.52,1732.62,2022-06-03,New Sale,99 yrs
TXN00169,Orchard Grand,D09,3760000,1897.68,1981.37,2025-02-05,New Sale,99 yrs
TXN01140,Rivervale Gardens,D19,1060000,538.19,1969.55,2022-05-22,Sub Sale,99 yrs
TXN00864,Rivervale Gardens,D19,750000,489.76,1531.37,2021-03-07,Resale,Freehold
TXN00066,Cedar Park,D16,2360000,1318.0,1790.59,2022-08-05,New Sale,99 yrs
TXN01698,Cedar Park,D16,1200000,687.81,1744.66,2023-03-22,New Sale,Freehold
TXN00377,The Arcadia,D10,3220000,1880.0,1712.77,2022-03-26,Sub Sale,99 yrs
TXN00350,Lakeside Grandeur,D22,940000,555.0,1693.69,2024-08-18,Resale,99 yrs
TXN01495,Marina Heights,D01,4620000,2018.23,2289.13,2025-08-16,Resale,99 yrs
TXN01437,Rivervale Gardens,D19,3760000,2011.0,1869.72,2022-09-09,New Sale,Freehold
TXN01565,Marina Heights,D01,1800000,1016.11,1771.46,2023-09-23,Sub Sale,Freehold
TXN00750,The Botanica,D23,3430000,2024.69,1694.09,2024-01-19,New Sale,99 yrs
TXN01381,The Seaview Residences,D15,2940000,1432.68,2052.11,2023-11-08,New Sale,99 yrs
TXN01445,Emerald Vista,D21,1370000,1018.0,1345.78,2024-07-12,New Sale,Freehold
TXN01552,Marina Heights,D01,1970000,1022.57,1926.52,2022-09-13,Sub Sale,99 yrs
TXN01678,Parkview Residences,D14,1200000,693.2,1731.11,2025-03-20,New Sale,Freehold
TXN00969,Emerald Vista,D21,2670000,1833.09,1456.56,2025-04-17,New Sale,99 yrs
TXN00402,Emerald Vista,D21,1310000,634.0,2066.25,2021-02-10,Resale,99 yrs
TXN00876,Skyline Residences,D19,1820000,1185.0,1535.86,2023-01-08,Sub Sale,99 yrs
TXN01181,Marina Heights,D01,2340000,1399.31,1672.26,2022-10-06,New Sale,Freehold
TXN00888,Orchard Grand,D09,3740000,2157.09,1733.82,2022-08-04,Resale,99 yrs
TXN00001,Lakeside Grandeur,D22,720000,461.77,1559.21,2021-03-03,Resale,99 yrs
TXN01174,Cedar Park,D16,2830000,1315.35,2151.52,2024-04-01,Resale,Freehold
TXN01048,Emerald Vista,D21,1250000,862.19,1449.8,2023-03-30,Sub Sale,Freehold
TXN00523,Cedar Park,D16,3370000,1485.42,2268.72,2025-06-18,New Sale,Freehold
TXN00143,The Botanica,D23,1730000,753.47,2296.03,2021-09-05,Resale,99 yrs
TXN00229,The Arcadia,D10,2290000,966.6,2369.13,2022-01-24,Sub Sale,Freehold
TXN00719,The Botanica,D23,1400000,1040.87,1345.03,2025-05-28,Resale,99 yrs
TXN00814,Skyline Residences,D19,1150000,924.62,1243.76,2022-01-06,Sub Sale,99 yrs
TXN01303,Parkview Residences,D14,2410000,1424.0,1692.42,2025-08-28,Sub Sale,99 yrs
TXN00288,The Arcadia,D10,2570000,1453.13,1768.6,2025-11-17,Resale,Freehold
TXN00742,Marina Heights,D01,1020000,623.0,1637.24,2023-02-10,Resale,99 yrs
TXN00184,The Arcadia,D10,2340000,2077.43,1126.39,2022-02-14,New Sale,99 yrs
TXN00159,The Botanica,D23,2710000,1292.0,2097.52,2021-03-21,Sub Sale,Freehold
TXN00626,Harbourfront Suites,D04,2700000,1539.24,1754.12,2023-06-11,New Sale,99 yrs
TXN00126,The Seaview Residences,D15,2170000,1354.0,1602.66,2025-08-11,Resale,Freehold
TXN00941,Parkview Residences,D14,1600000,677.05,2363.2,2023-09-20,Sub Sale,Freehold
TXN01333,Rivervale Gardens,D19,1250000,560.8,2228.96,2024-05-05,Resale,Freehold
TXN00585,Emerald Vista,D21,850000,603.0,1409.62,2022-10-29,Sub Sale,Freehold
TXN00099,Harbourfront Suites,D04,4550000,1983.79,2293.59,2023-11-18,Sub Sale,Freehold
TXN01610,Orchard Grand,D09,2680000,1607.05,1667.65,2023-11-01,Sub Sale,99 yrs
TXN01264,The Botanica,D23,2410000,1243.0,1938.86,2021-12-31,Resale,99 yrs
TXN00190,Marina Heights,D01,4180000,2097.88,1992.48,2021-03-19,Resale,Freehold
TXN00892,Skyline Residences,D19,2060000,1373.47,1499.85,2025-04-25,Sub Sale,Freehold
TXN00771,Orchard Grand,D09,1890000,855.0,2210.53,2021-06-10,Resale,Freehold
TXN00455,Lakeside Grandeur,D22,4980000,2191.0,2272.93,2021-07-08,Resale,99 yrs
TXN00776,Emerald Vista,D21,1030000,914.93,1125.77,2022-05-01,New Sale,Freehold
TXN01596,Marina Heights,D01,1880000,1039.79,1808.05,2022-05-22,New Sale,Freehold
TXN01743,Rivervale Gardens,D19,970000,784.0,1237.24,2024-08-25,Sub Sale,99 yrs
TXN00353,Harbourfront Suites,D04,2110000,1211.0,1742.36,2023-07-03,Sub Sale,Freehold
TXN01582,Cedar Park,D16,4280000,2094.65,2043.3,2021-05-18,New Sale,Freehold
TXN00701,Harbourfront Suites,D04,1580000,700.73,2254.79,2021-02-19,New Sale,Freehold
TXN00026,The Seaview Residences,D15,2540000,1299.2,1955.05,2023-03-08,Sub Sale,Freehold
TXN00481,Rivervale Gardens,D19,820000,723.33,1133.64,2025-03-24,Resale,99 yrs
TXN01001,Emerald Vista,D21,900000,687.81,1308.49,2025-01-18,Resale,Freehold
TXN00488,Lakeside Grandeur,D22,700000,576.95,1213.29,2025-12-13,New Sale,Freehold
TXN00914,Marina Heights,D01,2070000,1284.13,1611.98,2024-05-09,New Sale,Freehold
TXN01522,Parkview Residences,D14,2480000,1046.25,2370.37,2023-02-06,Resale,Freehold
TXN00185,The Seaview Residences,D15,2540000,1129.0,2249.78,2023-03-05,Sub Sale,Freehold
TXN01741,Parkview Residences,D14,1130000,522.05,2164.55,2025-05-04,Sub Sale,Freehold
TXN01648,Orchard Grand,D09,3730000,2016.08,1850.13,2021-09-11,Sub Sale,Freehold
TXN00428,The Arcadia,D10,2710000,1328.27,2040.26,2023-12-03,New Sale,Freehold
TXN00493,Lakeside Grandeur,D22,2300000,1327.19,1732.99,2023-06-07,New Sale,99 yrs
TXN00257,Rivervale Gardens,D19,1570000,715.8,2193.35,2021-11-02,New Sale,99 yrs
TXN00754,Cedar Park,D16,4110000,2128.0,1931.39,2025-07-19,New Sale,99 yrs
TXN00982,Marina Heights,D01,2140000,1835.24,1166.06,2021-03-31,Sub Sale,99 yrs
TXN00474,Orchard Grand,D09,2100000,995.0,2110.55,2021-05-31,Resale,Freehold
TXN00958,The Botanica,D23,1830000,849.27,2154.79,2023-06-17,New Sale,Freehold
TXN00594,Skyline Residences,D19,980000,723.0,1355.46,2022-02-18,New Sale,99 yrs
TXN01106,Emerald Vista,D21,3150000,1405.77,2240.77,2022-09-04,New Sale,Freehold
TXN01049,Emerald Vista,D21,740000,584.48,1266.08,2022-01-18,New Sale,99 yrs
TXN00952,Skyline Residences,D19,2640000,2188.3,1206.42,2023-07-20,New Sale,Freehold
TXN01746,Marina Heights,D01,2840000,1636.0,1735.94,2022-05-28,Sub Sale,Freehold
TXN00165,The Arcadia,D10,2270000,1429.45,1588.03,2024-09-04,New Sale,99 yrs
TXN00792,The Arcadia,D10,1730000,797.0,2170.64,2022-01-25,Resale,99 yrs
TXN00400,The Arcadia,D10,1340000,1109.76,1207.47,2022-01-11,Resale,99 yrs
TXN00688,Rivervale Gardens,D19,2870000,1646.0,1743.62,2025-02-10,Resale,99 yrs
TXN01708,Skyline Residences,D19,1020000,664.13,1535.84,2022-05-08,New Sale,99 yrs
TXN00538,Rivervale Gardens,D19,2310000,1445.59,1597.96,2023-07-16,New Sale,Freehold
TXN00682,Skyline Residences,D19,3580000,1501.56,2384.18,2021-05-03,New Sale,Freehold
TXN00113,Rivervale Gardens,D19,1460000,824.51,1770.74,2023-04-06,Resale,99 yrs
TXN01718,Parkview Residences,D14,570000,510.0,1117.65,2021-02-26,New Sale,99 yrs
TXN00091,Orchard Grand,D09,1530000,815.9,1875.22,2024-06-03,Resale,Freehold
TXN01080,Rivervale Gardens,D19,1400000,639.0,2190.92,2021-01-23,Sub Sale,99 yrs
TXN00930,Orchard Grand,D09,850000,640.45,1327.19,2024-01-03,New Sale,99 yrs
TXN01460,Lakeside Grandeur,D22,1050000,851.42,1233.23,2022-08-28,New Sale,99 yrs
TXN01547,Parkview Residences,D14,3250000,1620.0,2006.17,2024-10-27,Sub Sale,Freehold
TXN00694,Harbourfront Suites,D04,1320000,845.0,1562.13,2021-06-12,New Sale,99 yrs
TXN00552,Orchard Grand,D09,710000,560.8,1266.05,2022-09-28,Sub Sale,Freehold
TXN01621,Lakeside Grandeur,D22,1050000,655.52,1601.78,2025-07-25,New Sale,99 yrs
TXN01066,The Seaview Residences,D15,3080000,1886.91,1632.3,2024-08-22,Sub Sale,99 yrs
TXN00016,Emerald Vista,D21,2220000,1332.57,1665.95,2025-02-27,Sub Sale,99 yrs
TXN00394,The Arcadia,D10,3220000,1943.0,1657.23,2023-06-25,Sub Sale,99 yrs
TXN01512,Parkview Residences,D14,1680000,759.93,2210.73,2022-10-09,Resale,Freehold
TXN00691,Parkview Residences,D14,1710000,1351.95,1264.84,2021-02-17,Resale,Freehold
TXN00649,Harbourfront Suites,D04,710000,578.02,1228.33,2024-10-12,Resale,Freehold
TXN01464,Skyline Residences,D19,1400000,956.91,1463.04,2022-08-18,Resale,99 yrs
TXN00695,Marina Heights,D01,2070000,1317.5,1571.16,2021-10-12,Resale,99 yrs
TXN00110,Skyline Residences,D19,1370000,748.09,1831.33,2024-11-28,Sub Sale,99 yrs
TXN00926,Cedar Park,D16,990000,610.0,1622.95,2025-12-03,New Sale,99 yrs
TXN00658,Orchard Grand,D09,3730000,1858.0,2007.53,2022-07-08,New Sale,Freehold
TXN00572,Skyline Residences,D19,3260000,1678.09,1942.68,2024-05-12,Resale,Freehold
TXN00284,The Arcadia,D10,2430000,1579.0,1538.95,2021-10-17,Sub Sale,99 yrs
TXN00737,Rivervale Gardens,D19,2220000,1415.45,1568.4,2024-02-14,Resale,99 yrs
TXN01099,Lakeside Grandeur,D22,1820000,852.5,2134.9,2021-09-21,Sub Sale,99 yrs
TXN00501,The Arcadia,D10,1900000,910.63,2086.48,2024-09-29,New Sale,Freehold
TXN00309,The Seaview Residences,D15,770000,513.44,1499.69,2024-04-02,Resale,99 yrs
TXN01672,The Arcadia,D10,1480000,1297.0,1141.09,2024-08-31,Sub Sale,Freehold
TXN01336,Orchard Grand,D09,2260000,1416.53,1595.45,2023-12-24,New Sale,Freehold
TXN00416,Parkview Residences,D14,1640000,935.38,1753.29,2024-07-16,New Sale,Freehold
TXN00772,Orchard Grand,D09,2200000,1635.04,1345.54,2022-09-21,Sub Sale,Freehold
TXN00705,The Seaview Residences,D15,3040000,1770.66,1716.87,2025-08-15,Resale,99 yrs
TXN00613,Harbourfront Suites,D04,1820000,1256.15,1448.87,2022-10-11,Sub Sale,Freehold
TXN00510,The Seaview Residences,D15,3510000,1691.0,2075.69,2024-10-28,Sub Sale,Freehold
TXN01308,Skyline Residences,D19,1020000,787.92,1294.55,2021-07-11,Sub Sale,99 yrs
TXN01392,Skyline Residences,D19,2430000,2097.88,1158.31,2024-05-29,Sub Sale,99 yrs
TXN01043,Rivervale Gardens,D19,1070000,916.01,1168.11,2021-04-13,Sub Sale,Freehold
TXN00994,Lakeside Grandeur,D22,1420000,900.94,1576.13,2021-12-01,Sub Sale,99 yrs
TXN01102,Emerald Vista,D21,4190000,1931.04,2169.81,2021-12-19,New Sale,Freehold
TXN01069,The Seaview Residences,D15,1460000,968.0,1508.26,2025-07-02,New Sale,99 yrs
TXN01119,The Seaview Residences,D15,2070000,994.58,2081.27,2021-04-02,Sub Sale,99 yrs
TXN00889,Orchard Grand,D09,1530000,690.0,2217.39,2025-07-29,Sub Sale,Freehold
TXN00531,Skyline Residences,D19,1960000,871.88,2248.03,2024-06-10,Sub Sale,99 yrs
TXN01166,Rivervale Gardens,D19,3340000,1955.8,1707.74,2023-12-02,New Sale,99 yrs
TXN01247,The Seaview Residences,D15,700000,556.49,1257.88,2021-08-24,Sub Sale,99 yrs
TXN01290,Orchard Grand,D09,2000000,936.46,2135.7,2021-01-06,Sub Sale,99 yrs
TXN01033,Harbourfront Suites,D04,2360000,1027.95,2295.83,2025-02-18,Sub Sale,99 yrs
TXN00415,The Seaview Residences,D15,2740000,1447.74,1892.6,2021-08-07,Sub Sale,Freehold
TXN00019,Marina Heights,D01,680000,547.88,1241.14,2021-02-26,Resale,99 yrs
TXN01497,The Seaview Residences,D15,3120000,1349.79,2311.47,2024-12-01,New Sale,Freehold
TXN00124,Rivervale Gardens,D19,1770000,846.0,2092.2,2022-10-07,New Sale,99 yrs
TXN00755,The Arcadia,D10,2550000,1519.86,1677.78,2023-03-14,Resale,99 yrs
TXN00076,Lakeside Grandeur,D22,2450000,1275.52,1920.78,2023-01-23,Resale,99 yrs
TXN01013,Orchard Grand,D09,1030000,678.0,1519.17,2023-09-02,New Sale,Freehold
TXN01377,The Seaview Residences,D15,1730000,938.61,1843.15,2021-07-24,Sub Sale,99 yrs
TXN01198,Emerald Vista,D21,1230000,641.53,1917.3,2023-10-12,New Sale,Freehold
TXN00877,Lakeside Grandeur,D22,1080000,791.0,1365.36,2022-05-15,Resale,99 yrs
TXN01427,The Seaview Residences,D15,4230000,1959.03,2159.23,2022-08-20,Sub Sale,Freehold
TXN01142,The Botanica,D23,3810000,1664.1,2289.53,2023-06-09,Sub Sale,99 yrs
TXN00706,Rivervale Gardens,D19,1970000,1556.46,1265.69,2025-05-07,New Sale,Freehold
TXN01671,Marina Heights,D01,1600000,756.0,2116.4,2021-11-13,Resale,Freehold
TXN01549,Emerald Vista,D21,2130000,1099.0,1938.13,2023-10-01,Sub Sale,Freehold
TXN00976,Rivervale Gardens,D19,2810000,1450.97,1936.63,2021-03-03,New Sale,Freehold
TXN00887,The Botanica,D23,2560000,1262.61,2027.55,2022-06-29,Resale,Freehold
TXN00645,The Arcadia,D10,2300000,1400.38,1642.41,2021-02-17,Resale,Freehold
TXN01630,Harbourfront Suites,D04,1600000,674.9,2370.73,2025-02-12,Resale,Freehold
TXN00214,The Botanica,D23,1620000,784.0,2066.33,2024-12-06,New Sale,99 yrs
TXN00749,The Arcadia,D10,1610000,942.0,1709.13,2025-01-19,Resale,Freehold
TXN01700,Parkview Residences,D14,2160000,1033.0,2091.0,2022-09-21,Resale,99 yrs
TXN00231,Skyline Residences,D19,3880000,2091.43,1855.19,2025-09-05,Resale,99 yrs
TXN01313,Lakeside Grandeur,D22,2770000,1317.0,2103.26,2025-05-15,Resale,99 yrs
TXN00859,Harbourfront Suites,D04,2720000,1319.65,2061.15,2022-11-22,Sub Sale,Freehold
TXN01224,Parkview Residences,D14,1200000,697.5,1720.43,2025-04-16,New Sale,99 yrs
TXN00662,The Arcadia,D10,3350000,1454.2,2303.67,2024-04-06,New Sale,99 yrs
TXN00300,Rivervale Gardens,D19,1010000,832.05,1213.87,2021-02-16,Sub Sale,Freehold
TXN01090,The Botanica,D23,1270000,892.0,1423.77,2021-02-14,New Sale,Freehold
TXN01062,Marina Heights,D01,2470000,1058.09,2334.39,2025-11-07,Sub Sale,Freehold
TXN00609,Emerald Vista,D21,2350000,1005.35,2337.5,2021-04-27,New Sale,Freehold
TXN00616,The Seaview Residences,D15,2340000,1501.0,1558.96,2025-09-13,Sub Sale,Freehold
TXN01385,Parkview Residences,D14,2650000,1714.69,1545.47,2022-02-06,Sub Sale,99 yrs
TXN00728,Skyline Residences,D19,2670000,1956.88,1364.42,2021-09-29,Resale,99 yrs
TXN00364,Marina Heights,D01,2190000,1644.0,1332.12,2021-03-01,Resale,99 yrs
TXN00730,Marina Heights,D01,3680000,1751.29,2101.31,2021-06-05,Sub Sale,Freehold
TXN01311,Emerald Vista,D21,620000,546.81,1133.86,2025-02-04,Sub Sale,Freehold
TXN01317,Harbourfront Suites,D04,1690000,965.52,1750.35,2022-01-06,New Sale,99 yrs
TXN01699,Lakeside Grandeur,D22,1290000,879.41,1466.89,2021-06-30,Resale,99 yrs
TXN00195,The Botanica,D23,1640000,940.0,1744.68,2022-07-21,Sub Sale,Freehold
TXN00745,Emerald Vista,D21,1250000,527.43,2369.98,2021-02-23,Resale,Freehold
TXN00530,Rivervale Gardens,D19,1610000,715.8,2249.23,2025-11-22,New Sale,99 yrs
TXN01393,Marina Heights,D01,2380000,1050.0,2266.67,2025-12-19,New Sale,99 yrs
TXN01600,The Arcadia,D10,2470000,2052.68,1203.31,2023-04-11,Resale,Freehold
TXN00578,The Botanica,D23,1960000,1277.67,1534.04,2023-09-04,New Sale,Freehold
TXN00830,The Arcadia,D10,790000,628.61,1256.74,2022-03-01,Resale,99 yrs
TXN00388,The Botanica,D23,1250000,537.12,2327.23,2022-02-26,Sub Sale,Freehold
TXN01632,Harbourfront Suites,D04,1270000,574.0,2212.54,2023-10-23,Resale,99 yrs
TXN00954,Skyline Residences,D19,2280000,979.51,2327.68,2025-07-22,New Sale,Freehold
TXN01502,Lakeside Grandeur,D22,3440000,1483.27,2319.21,2022-02-16,New Sale,Freehold
TXN00663,Harbourfront Suites,D04,1610000,1063.47,1513.91,2021-09-02,New Sale,Freehold
TXN01130,Rivervale Gardens,D19,1060000,505.9,2095.26,2025-02-14,Sub Sale,99 yrs
TXN01249,Marina Heights,D01,820000,528.51,1551.54,2023-06-16,Sub Sale,99 yrs
TXN00546,Harbourfront Suites,D04,4090000,1973.02,2072.96,2021-12-07,Sub Sale,Freehold
TXN00988,The Botanica,D23,2950000,1579.06,1868.2,2023-06-04,Sub Sale,99 yrs
TXN01086,Rivervale Gardens,D19,1750000,998.89,1751.94,2024-03-18,Sub Sale,Freehold
TXN01359,Rivervale Gardens,D19,2600000,1895.52,1371.65,2025-03-06,Resale,Freehold
TXN01659,Orchard Grand,D09,3420000,2063.44,1657.43,2025-03-21,Resale,Freehold
TXN01609,Marina Heights,D01,1310000,701.0,1868.76,2024-03-18,Sub Sale,99 yrs
TXN00856,The Seaview Residences,D15,1200000,509.13,2356.95,2025-11-03,Resale,Freehold
TXN01619,Parkview Residences,D14,1020000,575.87,1771.24,2022-04-10,Sub Sale,99 yrs
TXN01298,Marina Heights,D01,1010000,475.0,2126.32,2025-04-03,Sub Sale,99 yrs
TXN00381,The Botanica,D23,1200000,949.38,1263.99,2023-10-19,Resale,Freehold
TXN00733,Parkview Residences,D14,1050000,920.0,1141.3,2021-08-11,Sub Sale,Freehold
TXN01148,Harbourfront Suites,D04,950000,505.9,1877.83,2024-08-10,Sub Sale,Freehold
TXN00553,Marina Heights,D01,1010000,782.54,1290.68,2025-08-26,Resale,99 yrs
TXN01158,Rivervale Gardens,D19,1170000,836.36,1398.93,2021-09-30,New Sale,99 yrs
TXN00655,Lakeside Grandeur,D22,1600000,777.0,2059.2,2021-06-16,New Sale,Freehold
TXN00910,Rivervale Gardens,D19,2230000,1020.0,2186.27,2021-01-17,Resale,99 yrs
TXN01087,The Arcadia,D10,3010000,1587.68,1895.85,2024-07-08,New Sale,Freehold
TXN00320,The Arcadia,D10,1360000,622.15,2185.96,2023-10-31,Sub Sale,Freehold
TXN00121,Skyline Residences,D19,900000,625.38,1439.12,2023-05-08,Sub Sale,Freehold
TXN00467,Lakeside Grandeur,D22,1040000,468.0,2222.22,2023-01-29,New Sale,99 yrs
TXN00069,The Arcadia,D10,1940000,962.0,2016.63,2024-10-21,New Sale,Freehold
TXN00277,Marina Heights,D01,1150000,511.29,2249.23,2024-08-01,New Sale,Freehold
TXN01132,Harbourfront Suites,D04,1040000,650.14,1599.66,2023-02-05,New Sale,Freehold
TXN01145,Harbourfront Suites,D04,1030000,661.98,1555.94,2024-11-23,Resale,Freehold
TXN01011,Harbourfront Suites,D04,3400000,2074.2,1639.18,2022-03-20,New Sale,99 yrs
TXN00927,Orchard Grand,D09,1840000,939.69,1958.1,2021-02-26,Sub Sale,Freehold
TXN00832,Rivervale Gardens,D19,3160000,1584.45,1994.39,2025-03-29,Sub Sale,Freehold
TXN00920,Emerald Vista,D21,1130000,693.0,1630.59,2021-04-13,Sub Sale,Freehold
TXN00897,Orchard Grand,D09,2430000,1013.96,2396.55,2025-01-09,Resale,99 yrs
TXN00699,Emerald Vista,D21,1060000,760.0,1394.74,2022-04-11,New Sale,Freehold
TXN00116,Cedar Park,D16,3320000,1406.84,2359.9,2025-09-20,New Sale,99 yrs
TXN01044,The Botanica,D23,1780000,951.53,1870.67,2025-10-05,Sub Sale,Freehold
TXN00160,The Botanica,D23,1570000,999.97,1570.05,2025-02-01,Resale,Freehold
TXN00216,Rivervale Gardens,D19,860000,532.81,1614.07,2022-06-12,Resale,99 yrs
TXN01384,Cedar Park,D16,1170000,1011.0,1157.27,2024-06-18,New Sale,99 yrs
TXN00456,Harbourfront Suites,D04,1330000,689.0,1930.33,2021-11-08,New Sale,99 yrs
TXN00241,Emerald Vista,D21,890000,484.38,1837.42,2022-10-09,Resale,Freehold
TXN01481,The Arcadia,D10,3130000,1736.22,1802.77,2024-08-20,New Sale,Freehold
TXN01129,Emerald Vista,D21,1190000,617.0,1928.69,2025-05-11,New Sale,Freehold
TXN00164,Marina Heights,D01,4980000,2093.58,2378.7,2022-09-04,New Sale,Freehold
TXN01146,Emerald Vista,D21,1640000,698.0,2349.57,2025-02-07,Resale,99 yrs
TXN01282,Skyline Residences,D19,1410000,1097.0,1285.32,2022-11-12,New Sale,99 yrs
TXN01717,Marina Heights,D01,1160000,680.28,1705.18,2021-06-22,New Sale,Freehold
TXN01302,Harbourfront Suites,D04,1810000,987.05,1833.75,2023-07-19,Sub Sale,99 yrs
TXN01493,The Botanica,D23,1280000,644.76,1985.24,2023-01-24,New Sale,99 yrs
TXN01045,Skyline Residences,D19,1840000,989.2,1860.08,2024-03-27,Sub Sale,Freehold
TXN00497,Orchard Grand,D09,3160000,1728.68,1827.98,2025-04-20,Resale,99 yrs
TXN00783,Marina Heights,D01,790000,624.31,1265.4,2021-12-31,Resale,99 yrs
TXN01724,The Botanica,D23,1130000,573.72,1969.62,2021-10-05,Resale,Freehold
TXN01220,Marina Heights,D01,1450000,688.89,2104.84,2022-05-10,Resale,Freehold
TXN00419,Orchard Grand,D09,600000,499.0,1202.4,2022-05-17,Resale,99 yrs
TXN01529,Lakeside Grandeur,D22,1600000,707.19,2262.48,2023-11-30,Resale,Freehold
TXN01360,Orchard Grand,D09,780000,449.93,1733.6,2023-10-23,Sub Sale,Freehold
TXN01242,Marina Heights,D01,1080000,464.0,2327.59,2024-03-26,Sub Sale,99 yrs
TXN01046,The Botanica,D23,1540000,860.04,1790.62,2022-09-03,New Sale,99 yrs
TXN00205,Cedar Park,D16,3870000,1685.63,2295.88,2024-10-25,New Sale,99 yrs
TXN01082,Emerald Vista,D21,2720000,1178.65,2307.73,2024-11-21,Resale,99 yrs
TXN00044,Harbourfront Suites,D04,2360000,1669.48,1413.61,2025-10-11,New Sale,Freehold
TXN00399,Cedar Park,D16,2480000,1633.96,1517.78,2021-10-02,Sub Sale,Freehold
TXN00595,Emerald Vista,D21,980000,642.0,1526.48,2024-04-23,Resale,99 yrs
TXN01363,Orchard Grand,D09,1440000,1285.0,1120.62,2024-10-10,New Sale,99 yrs
TXN00945,The Arcadia,D10,1160000,733.0,1582.54,2022-12-03,Sub Sale,99 yrs
TXN01330,The Seaview Residences,D15,1500000,1121.6,1337.38,2021-11-29,New Sale,Freehold
TXN01684,Lakeside Grandeur,D22,2230000,1014.0,2199.21,2024-10-29,Sub Sale,99 yrs
TXN01127,Orchard Grand,D09,4220000,1838.47,2295.38,2023-07-16,Sub Sale,Freehold
TXN01715,Marina Heights,D01,1220000,537.0,2271.88,2024-11-10,Resale,Freehold
TXN01491,Rivervale Gardens,D19,3120000,1341.18,2326.31,2023-10-18,Resale,99 yrs
TXN00436,Rivervale Gardens,D19,1650000,1022.57,1613.58,2023-08-29,Sub Sale,99 yrs
TXN01735,The Arcadia,D10,2750000,1381.01,1991.3,2021-02-28,New Sale,99 yrs
TXN00414,Lakeside Grandeur,D22,2900000,1290.0,2248.06,2021-07-02,Sub Sale,99 yrs
TXN00146,Parkview Residences,D14,3240000,1641.49,1973.81,2021-03-12,Sub Sale,Freehold
TXN01287,Lakeside Grandeur,D22,2470000,1035.0,2386.47,2024-08-14,New Sale,99 yrs
TXN01234,The Seaview Residences,D15,830000,573.72,1446.71,2021-04-05,Resale,99 yrs
TXN01260,Harbourfront Suites,D04,2060000,908.47,2267.54,2025-09-16,New Sale,Freehold
TXN00339,Lakeside Grandeur,D22,1590000,801.91,1982.76,2025-09-01,New Sale,Freehold
TXN00794,Cedar Park,D16,1610000,1172.19,1373.5,2023-11-13,New Sale,99 yrs
TXN01226,The Seaview Residences,D15,3700000,1867.0,1981.79,2025-03-06,New Sale,99 yrs
TXN00882,Skyline Residences,D19,1170000,600.63,1947.97,2022-06-30,Resale,99 yrs
TXN00798,Lakeside Grandeur,D22,3090000,1469.27,2103.08,2021-09-25,Sub Sale,Freehold
TXN00959,Skyline Residences,D19,1240000,541.0,2292.05,2021-06-17,New Sale,Freehold
TXN00858,Harbourfront Suites,D04,1340000,826.0,1622.28,2023-08-30,Sub Sale,99 yrs
TXN00917,Parkview Residences,D14,1280000,719.0,1780.25,2022-03-26,New Sale,99 yrs
TXN01462,Orchard Grand,D09,880000,769.0,1144.34,2023-01-11,New Sale,99 yrs
TXN00506,Harbourfront Suites,D04,1230000,948.3,1297.06,2022-11-29,Resale,Freehold
TXN00286,Parkview Residences,D14,1650000,963.0,1713.4,2024-06-21,New Sale,Freehold
TXN00468,Rivervale Gardens,D19,2390000,1335.8,1789.19,2024-01-17,New Sale,Freehold
TXN00075,Lakeside Grandeur,D22,2860000,2080.0,1375.0,2022-10-09,Sub Sale,99 yrs
TXN01322,The Botanica,D23,2290000,1339.03,1710.19,2024-06-01,New Sale,99 yrs
TXN00919,The Botanica,D23,890000,715.0,1244.76,2022-08-23,Resale,Freehold
TXN01157,The Arcadia,D10,2410000,1266.91,1902.26,2021-04-30,Resale,Freehold
TXN00372,Rivervale Gardens,D19,1080000,691.04,1562.86,2021-05-09,Resale,Freehold
TXN00130,Cedar Park,D16,640000,472.54,1354.4,2024-11-11,Resale,99 yrs
TXN00579,Lakeside Grandeur,D22,1680000,896.0,1875.0,2022-07-24,Sub Sale,Freehold
TXN01183,Orchard Grand,D09,3330000,1432.68,2324.32,2022-06-12,Resale,99 yrs
TXN01703,Rivervale Gardens,D19,1490000,1341.0,1111.11,2025-01-02,New Sale,Freehold
TXN01253,The Seaview Residences,D15,1040000,716.88,1450.74,2025-07-19,Sub Sale,99 yrs
TXN01397,The Seaview Residences,D15,1280000,747.01,1713.49,2023-08-18,Sub Sale,Freehold
TXN00030,Emerald Vista,D21,950000,670.59,1416.66,2023-08-11,New Sale,99 yrs
TXN00615,Lakeside Grandeur,D22,3270000,1795.42,1821.3,2024-06-10,New Sale,99 yrs
TXN01583,Marina Heights,D01,2380000,1287.36,1848.74,2021-12-30,New Sale,Freehold
TXN00724,Cedar Park,D16,670000,498.37,1344.39,2025-09-20,Sub Sale,Freehold
TXN00403,The Botanica,D23,2360000,1323.0,1783.82,2025-10-31,New Sale,Freehold
TXN01413,Marina Heights,D01,2200000,995.66,2209.59,2023-11-16,Sub Sale,99 yrs
TXN01677,Emerald Vista,D21,930000,557.57,1667.95,2023-01-15,Resale,Freehold
TXN00213,The Botanica,D23,2840000,1304.58,2176.94,2023-07-26,New Sale,99 yrs
TXN01261,The Seaview Residences,D15,2180000,1419.76,1535.47,2023-11-24,New Sale,Freehold
TXN00735,The Seaview Residences,D15,1070000,861.0,1242.74,2023-01-30,New Sale,Freehold
TXN01606,Parkview Residences,D14,2090000,1031.0,2027.16,2024-08-13,New Sale,99 yrs
TXN00519,Harbourfront Suites,D04,2840000,1815.87,1563.99,2024-05-14,Resale,Freehold
TXN01531,Harbourfront Suites,D04,1070000,661.98,1616.36,2023-11-13,Resale,Freehold
TXN01539,Orchard Grand,D09,2830000,1863.23,1518.87,2024-09-18,New Sale,Freehold
TXN01304,Cedar Park,D16,680000,528.51,1286.64,2024-06-23,Sub Sale,Freehold
TXN00718,The Botanica,D23,1420000,993.51,1429.28,2024-01-16,Resale,99 yrs
TXN00028,Marina Heights,D01,710000,470.0,1510.64,2023-08-11,New Sale,99 yrs
TXN01568,The Seaview Residences,D15,1290000,663.0,1945.7,2025-10-30,Resale,99 yrs
TXN00224,The Botanica,D23,2010000,1588.0,1265.74,2022-07-01,New Sale,99 yrs
TXN01679,Orchard Grand,D09,980000,706.0,1388.1,2023-10-03,New Sale,Freehold
TXN00139,Emerald Vista,D21,1270000,1082.85,1172.83,2022-10-07,Resale,99 yrs
TXN01020,Parkview Residences,D14,2570000,1147.43,2239.78,2021-05-05,Sub Sale,Freehold
TXN00775,Harbourfront Suites,D04,1600000,912.78,1752.89,2023-10-07,New Sale,Freehold
TXN01179,The Arcadia,D10,1810000,822.36,2200.98,2022-12-07,New Sale,Freehold
TXN00652,The Seaview Residences,D15,2400000,1595.21,1504.5,2022-12-04,Sub Sale,99 yrs
TXN01506,The Seaview Residences,D15,1290000,698.58,1846.61,2025-01-05,New Sale,Freehold
TXN00220,Cedar Park,D16,3640000,1810.49,2010.51,2023-12-09,New Sale,99 yrs
TXN00215,The Arcadia,D10,2520000,1342.0,1877.79,2023-05-14,Sub Sale,Freehold
TXN00566,Rivervale Gardens,D19,1290000,547.88,2354.52,2025-04-07,Sub Sale,99 yrs
TXN01238,Orchard Grand,D09,2790000,2092.0,1333.65,2023-07-03,Sub Sale,Freehold
TXN01136,The Seaview Residences,D15,1750000,1448.82,1207.88,2024-11-25,Resale,99 yrs
TXN01373,Marina Heights,D01,3300000,1735.0,1902.02,2021-10-24,Sub Sale,Freehold
TXN01176,The Arcadia,D10,970000,490.83,1976.23,2024-08-20,Resale,99 yrs
TXN00476,The Seaview Residences,D15,1340000,984.9,1360.55,2023-08-15,New Sale,99 yrs
TXN01173,Parkview Residences,D14,810000,503.75,1607.94,2024-05-21,Resale,Freehold
TXN00824,Rivervale Gardens,D19,1990000,832.05,2391.68,2022-06-29,Sub Sale,99 yrs
TXN01350,The Seaview Residences,D15,2430000,1049.48,2315.43,2021-07-25,Resale,99 yrs
TXN00580,The Arcadia,D10,1990000,836.36,2379.37,2025-06-23,Sub Sale,99 yrs
TXN01017,Emerald Vista,D21,2420000,1683.47,1437.5,2022-08-15,Sub Sale,99 yrs
TXN00633,Emerald Vista,D21,1440000,850.35,1693.42,2021-02-21,Resale,99 yrs
TXN00475,The Botanica,D23,970000,541.0,1792.98,2021-07-09,Sub Sale,99 yrs
TXN00904,The Arcadia,D10,1870000,993.51,1882.22,2022-08-01,Resale,99 yrs
TXN01348,Parkview Residences,D14,3080000,1595.21,1930.78,2025-06-09,Resale,99 yrs
TXN00528,Lakeside Grandeur,D22,2380000,1110.83,2142.53,2021-01-14,New Sale,Freehold
TXN01587,Parkview Residences,D14,2570000,1470.0,1748.3,2023-09-09,Resale,Freehold
TXN01038,Orchard Grand,D09,1710000,866.0,1974.6,2021-08-23,New Sale,Freehold
TXN01064,Lakeside Grandeur,D22,3550000,2061.29,1722.23,2022-03-22,Resale,Freehold
TXN00430,The Arcadia,D10,1200000,667.36,1798.13,2024-10-13,Resale,99 yrs
TXN00072,The Arcadia,D10,2750000,2176.46,1263.52,2021-08-16,New Sale,99 yrs
TXN00145,The Seaview Residences,D15,1790000,751.0,2383.49,2021-05-13,Resale,Freehold
TXN00053,Orchard Grand,D09,950000,590.94,1607.61,2024-04-20,Resale,Freehold
TXN00084,The Botanica,D23,2820000,1411.0,1998.58,2025-10-31,Sub Sale,Freehold
TXN01654,The Seaview Residences,D15,1130000,973.0,1161.36,2022-08-31,Sub Sale,99 yrs
TXN00647,Skyline Residences,D19,540000,451.0,1197.34,2025-02-08,Sub Sale,99 yrs
TXN00251,Parkview Residences,D14,2990000,1408.99,2122.08,2023-07-19,Resale,Freehold
TXN00791,The Botanica,D23,2970000,1291.67,2299.35,2023-05-17,Sub Sale,99 yrs
TXN00602,Marina Heights,D01,1150000,723.33,1589.86,2022-01-20,New Sale,Freehold
TXN00062,Skyline Residences,D19,1200000,951.0,1261.83,2023-11-12,Sub Sale,Freehold
TXN00201,Orchard Grand,D09,2210000,971.98,2273.71,2024-05-12,Sub Sale,99 yrs
TXN00627,Emerald Vista,D21,1210000,941.84,1284.72,2021-04-07,Resale,Freehold
TXN00106,The Seaview Residences,D15,2140000,1029.03,2079.63,2023-08-13,New Sale,Freehold
TXN01057,The Botanica,D23,1410000,953.68,1478.48,2021-06-16,Sub Sale,99 yrs
TXN01486,Parkview Residences,D14,1790000,1037.64,1725.07,2024-12-25,New Sale,Freehold
TXN01689,The Arcadia,D10,1710000,744.0,2298.39,2025-02-06,Resale,Freehold
TXN00100,The Botanica,D23,1100000,561.0,1960.78,2021-03-06,Resale,Freehold
TXN01042,Rivervale Gardens,D19,890000,593.0,1500.84,2024-05-04,Sub Sale,Freehold
TXN01337,Harbourfront Suites,D04,1010000,581.25,1737.63,2025-04-06,New Sale,Freehold
TXN00558,Marina Heights,D01,3150000,1406.84,2239.06,2024-02-12,Sub Sale,99 yrs
TXN00648,Marina Heights,D01,1480000,1093.0,1354.07,2023-03-20,Sub Sale,99 yrs
TXN01682,Skyline Residences,D19,2680000,1261.53,2124.41,2024-11-27,Resale,99 yrs
TXN00860,Emerald Vista,D21,1310000,762.0,1719.16,2025-06-27,Sub Sale,99 yrs
TXN00866,Marina Heights,D01,1640000,1315.0,1247.15,2025-12-09,Sub Sale,99 yrs
TXN00361,The Arcadia,D10,1000000,742.0,1347.71,2025-03-18,Resale,99 yrs
TXN01208,Orchard Grand,D09,1270000,735.17,1727.48,2024-08-19,New Sale,99 yrs
TXN00280,Emerald Vista,D21,2820000,1802.95,1564.1,2022-11-14,New Sale,99 yrs
TXN00194,Harbourfront Suites,D04,2400000,1937.5,1238.71,2021-09-20,Resale,99 yrs
TXN00435,Harbourfront Suites,D04,2360000,2061.29,1144.92,2021-04-17,New Sale,Freehold
TXN00256,Cedar Park,D16,970000,508.06,1909.24,2023-08-30,New Sale,Freehold
TXN01094,Rivervale Gardens,D19,1480000,621.0,2383.25,2025-06-09,Sub Sale,Freehold
TXN00879,Lakeside Grandeur,D22,1620000,690.0,2347.83,2022-05-23,Resale,99 yrs
TXN01520,Skyline Residences,D19,4380000,1954.72,2240.73,2024-11-17,Resale,99 yrs
TXN01060,Harbourfront Suites,D04,1340000,830.0,1614.46,2022-04-18,New Sale,Freehold
TXN00725,Rivervale Gardens,D19,1090000,609.24,1789.12,2021-08-07,New Sale,99 yrs
TXN00103,Orchard Grand,D09,2850000,1226.01,2324.62,2023-04-27,Resale,99 yrs
TXN01091,Harbourfront Suites,D04,2360000,1117.29,2112.25,2025-06-26,New Sale,Freehold
TXN01126,Lakeside Grandeur,D22,4550000,1971.95,2307.36,2025-02-16,Sub Sale,99 yrs
TXN00872,Cedar Park,D16,2000000,979.51,2041.83,2021-07-06,Resale,99 yrs
TXN00555,The Seaview Residences,D15,1410000,1267.0,1112.87,2023-01-04,New Sale,Freehold
TXN01663,The Seaview Residences,D15,1550000,691.0,2243.13,2022-12-13,Sub Sale,Freehold
TXN01210,Harbourfront Suites,D04,1420000,740.56,1917.48,2023-08-08,New Sale,Freehold
TXN00012,Orchard Grand,D09,4100000,2134.48,1920.84,2022-08-08,Resale,99 yrs
TXN01223,Lakeside Grandeur,D22,1760000,951.53,1849.66,2022-12-15,Resale,99 yrs
TXN00515,Marina Heights,D01,2170000,1795.0,1208.91,2025-08-24,Resale,Freehold
TXN01728,Lakeside Grandeur,D22,2620000,1416.53,1849.59,2025-03-21,New Sale,Freehold
TXN00156,Rivervale Gardens,D19,1890000,945.0,2000.0,2021-06-25,Sub Sale,99 yrs
TXN01739,Emerald Vista,D21,2440000,1327.19,1838.47,2025-01-29,New Sale,99 yrs
TXN00923,The Botanica,D23,740000,565.1,1309.49,2023-09-10,Resale,Freehold
TXN00801,Skyline Residences,D19,1210000,526.0,2300.38,2022-07-22,Resale,99 yrs
TXN00534,Emerald Vista,D21,1970000,975.21,2020.08,2024-06-10,Resale,99 yrs
TXN00651,Rivervale Gardens,D19,2640000,1395.0,1892.47,2023-03-30,New Sale,99 yrs
TXN00980,Marina Heights,D01,1760000,858.96,2048.99,2022-07-08,Sub Sale,99 yrs
TXN01002,The Seaview Residences,D15,760000,489.0,1554.19,2023-12-07,New Sale,Freehold
TXN00836,Cedar Park,D16,2690000,1387.47,1938.79,2021-04-12,Sub Sale,Freehold
TXN01207,The Botanica,D23,2340000,2117.26,1105.2,2024-10-13,Resale,99 yrs
TXN00397,Lakeside Grandeur,D22,1930000,1122.67,1719.11,2022-05-31,Sub Sale,99 yrs
TXN00588,The Seaview Residences,D15,4300000,1870.77,2298.52,2023-06-17,New Sale,99 yrs
TXN01579,The Botanica,D23,2540000,1121.6,2264.63,2023-04-07,Resale,99 yrs
TXN00668,Rivervale Gardens,D19,2190000,1840.0,1190.22,2021-02-19,Resale,Freehold
TXN01351,The Botanica,D23,1320000,582.0,2268.04,2022-03-22,New Sale,99 yrs
TXN00138,The Botanica,D23,1190000,584.0,2037.67,2021-11-19,Sub Sale,99 yrs
TXN00006,Parkview Residences,D14,1040000,646.91,1607.64,2025-04-24,Resale,99 yrs
TXN01289,The Seaview Residences,D15,3070000,1519.0,2021.07,2023-06-12,Resale,Freehold
TXN01432,The Seaview Residences,D15,1670000,745.0,2241.61,2023-08-24,New Sale,99 yrs
TXN00207,Skyline Residences,D19,1370000,584.48,2343.96,2025-04-05,New Sale,Freehold
TXN01312,The Seaview Residences,D15,3120000,1791.11,1741.93,2024-09-23,New Sale,99 yrs
TXN00943,The Seaview Residences,D15,2130000,910.0,2340.66,2025-08-09,New Sale,Freehold
TXN00990,Emerald Vista,D21,1700000,976.29,1741.29,2021-11-23,Sub Sale,Freehold
TXN00741,Skyline Residences,D19,1130000,514.0,2198.44,2023-11-27,Resale,99 yrs
TXN00459,Skyline Residences,D19,1430000,997.81,1433.13,2025-05-28,New Sale,Freehold
TXN01031,Lakeside Grandeur,D22,1210000,1083.92,1116.31,2025-08-26,Resale,Freehold
TXN00605,Harbourfront Suites,D04,1580000,722.26,2187.58,2025-09-23,Sub Sale,99 yrs
TXN01406,Skyline Residences,D19,2160000,918.0,2352.94,2023-02-02,Sub Sale,99 yrs
TXN01446,Cedar Park,D16,1150000,842.81,1364.48,2025-07-14,Resale,99 yrs
TXN01325,Parkview Residences,D14,1640000,1045.17,1569.12,2021-01-09,New Sale,Freehold
TXN00409,The Seaview Residences,D15,1440000,941.84,1528.92,2023-08-28,New Sale,Freehold
TXN00036,Lakeside Grandeur,D22,660000,529.58,1246.26,2021-08-03,Sub Sale,99 yrs
TXN01627,Marina Heights,D01,1450000,616.0,2353.9,2023-01-30,New Sale,99 yrs
TXN00908,Marina Heights,D01,1330000,610.31,2179.21,2024-09-08,New Sale,Freehold
TXN00451,Rivervale Gardens,D19,2600000,1333.65,1949.54,2024-01-09,Sub Sale,99 yrs
TXN00878,Rivervale Gardens,D19,2320000,998.89,2322.58,2024-06-05,Resale,99 yrs
TXN00977,Emerald Vista,D21,810000,695.0,1165.47,2024-05-03,Resale,99 yrs
TXN00812,The Botanica,D23,1900000,1429.0,1329.6,2023-12-25,New Sale,Freehold
TXN00875,Harbourfront Suites,D04,1240000,954.0,1299.79,2024-03-02,Sub Sale,99 yrs
TXN01184,The Seaview Residences,D15,1580000,750.24,2105.98,2025-10-24,Resale,99 yrs
TXN00024,The Arcadia,D10,4170000,2010.7,2073.91,2024-07-07,New Sale,Freehold
TXN00324,Lakeside Grandeur,D22,870000,653.37,1331.56,2023-10-14,Sub Sale,Freehold
TXN00137,Parkview Residences,D14,680000,608.16,1118.13,2021-12-08,Sub Sale,99 yrs
TXN00206,The Botanica,D23,1400000,1040.87,1345.03,2025-05-29,Resale,99 yrs
TXN01125,The Arcadia,D10,1190000,667.0,1784.11,2024-03-02,Sub Sale,99 yrs
TXN01128,Cedar Park,D16,2420000,2079.59,1163.69,2021-05-29,New Sale,Freehold
TXN00440,Parkview Residences,D14,1320000,1010.0,1306.93,2021-03-31,New Sale,Freehold
TXN00458,Cedar Park,D16,3070000,1589.0,1932.03,2024-04-17,Sub Sale,99 yrs
TXN00060,Harbourfront Suites,D04,1580000,1303.51,1212.11,2022-03-11,New Sale,Freehold
TXN00287,Emerald Vista,D21,2410000,1304.58,1847.33,2021-08-02,Sub Sale,99 yrs
TXN01370,The Botanica,D23,1120000,673.82,1662.16,2023-06-01,Resale,99 yrs
TXN00002,Emerald Vista,D21,2090000,1063.47,1965.26,2021-07-09,New Sale,99 yrs
TXN00279,The Arcadia,D10,2210000,974.0,2268.99,2021-03-19,New Sale,Freehold
TXN00086,The Botanica,D23,3600000,1767.43,2036.85,2024-05-08,New Sale,Freehold
TXN01096,The Botanica,D23,2660000,1523.09,1746.45,2024-04-17,Sub Sale,Freehold
TXN01010,Rivervale Gardens,D19,1290000,685.66,1881.4,2025-04-30,New Sale,99 yrs
TXN01088,The Arcadia,D10,2970000,1805.0,1645.43,2024-05-20,New Sale,99 yrs
TXN00071,Cedar Park,D16,1230000,661.98,1858.06,2025-09-15,Resale,Freehold
TXN00840,The Seaview Residences,D15,2080000,1099.0,1892.63,2024-02-07,Resale,99 yrs
TXN00471,Harbourfront Suites,D04,3000000,1340.11,2238.63,2021-09-21,Sub Sale,Freehold
TXN01471,The Seaview Residences,D15,3570000,1822.0,1959.39,2022-11-23,New Sale,99 yrs
TXN00671,The Seaview Residences,D15,1890000,1048.0,1803.44,2021-06-17,Sub Sale,99 yrs
TXN01476,Rivervale Gardens,D19,570000,495.14,1151.19,2021-12-26,Sub Sale,Freehold
TXN00218,Lakeside Grandeur,D22,2620000,1304.0,2009.2,2025-01-30,Sub Sale,99 yrs
TXN00785,The Seaview Residences,D15,2090000,971.0,2152.42,2022-02-12,Sub Sale,99 yrs
TXN00063,Orchard Grand,D09,1050000,724.41,1449.45,2023-08-09,Sub Sale,Freehold
TXN00942,Parkview Residences,D14,1460000,977.0,1494.37,2025-09-15,Resale,99 yrs
TXN01305,Rivervale Gardens,D19,1440000,1226.01,1174.54,2024-08-21,Sub Sale,Freehold
TXN00316,Lakeside Grandeur,D22,2330000,1341.18,1737.27,2023-09-02,Sub Sale,Freehold
TXN00179,The Seaview Residences,D15,1060000,496.22,2136.17,2025-07-31,New Sale,Freehold
TXN00584,Orchard Grand,D09,3660000,1731.0,2114.38,2022-12-03,Resale,99 yrs
TXN01187,Harbourfront Suites,D04,1220000,959.06,1272.07,2024-05-27,Sub Sale,Freehold
TXN00240,Harbourfront Suites,D04,1510000,928.92,1625.54,2023-02-11,New Sale,Freehold
TXN00032,Marina Heights,D01,2290000,1345.49,1701.99,2023-08-28,New Sale,Freehold
TXN00786,Skyline Residences,D19,1790000,1010.0,1772.28,2023-09-02,Resale,Freehold
TXN00386,The Arcadia,D10,4760000,2122.64,2242.49,2023-10-21,New Sale,Freehold
TXN01211,Rivervale Gardens,D19,2680000,1203.0,2227.76,2024-12-26,New Sale,Freehold
TXN00747,Emerald Vista,D21,1540000,658.0,2340.43,2021-09-15,New Sale,Freehold
TXN01611,Lakeside Grandeur,D22,1920000,879.41,2183.28,2021-03-18,New Sale,99 yrs
TXN01428,The Seaview Residences,D15,3540000,2157.09,1641.1,2023-01-11,New Sale,Freehold
TXN01156,Orchard Grand,D09,3760000,2082.81,1805.25,2021-03-06,Sub Sale,99 yrs
TXN00427,The Botanica,D23,2040000,1074.24,1899.02,2024-04-28,Resale,99 yrs
TXN00291,Orchard Grand,D09,1410000,663.06,2126.52,2023-07-16,Resale,Freehold
TXN00158,Marina Heights,D01,1540000,812.67,1894.98,2025-11-24,Resale,99 yrs
TXN01597,The Arcadia,D10,3090000,1293.82,2388.28,2021-02-13,New Sale,Freehold
TXN00909,Skyline Residences,D19,2700000,1150.0,2347.83,2025-12-02,Resale,99 yrs
TXN01503,Skyline Residences,D19,1710000,1472.0,1161.68,2022-02-22,Resale,Freehold
TXN01496,Marina Heights,D01,2280000,1444.52,1578.38,2023-12-29,New Sale,99 yrs
TXN01218,The Botanica,D23,1900000,930.0,2043.01,2022-05-15,Sub Sale,Freehold
TXN00753,Harbourfront Suites,D04,830000,551.0,1506.35,2025-12-13,Sub Sale,99 yrs
TXN01744,Parkview Residences,D14,1110000,696.42,1593.86,2021-06-27,Resale,Freehold
TXN01645,Skyline Residences,D19,1180000,697.5,1691.75,2025-07-29,Sub Sale,Freehold
TXN01449,Parkview Residences,D14,2490000,1438.06,1731.5,2022-04-11,Resale,99 yrs
TXN00070,Orchard Grand,D09,2590000,1391.77,1860.94,2025-12-04,New Sale,Freehold
TXN00034,The Arcadia,D10,1180000,702.0,1680.91,2025-10-31,Resale,99 yrs
TXN00697,The Botanica,D23,2620000,1977.0,1325.24,2021-06-10,New Sale,Freehold
TXN01281,The Seaview Residences,D15,1290000,683.0,1888.73,2021-11-18,Sub Sale,99 yrs
TXN01563,Cedar Park,D16,1970000,1374.0,1433.77,2021-09-01,Resale,99 yrs
TXN00895,The Seaview Residences,D15,3700000,1814.0,2039.69,2025-08-27,Resale,Freehold
TXN01098,The Arcadia,D10,900000,503.0,1789.26,2023-06-14,Resale,Freehold
TXN01111,Rivervale Gardens,D19,2450000,1922.43,1274.43,2022-08-27,New Sale,Freehold
TXN00487,Cedar Park,D16,3500000,1764.0,1984.13,2024-08-21,Resale,Freehold
TXN00810,Harbourfront Suites,D04,910000,469.0,1940.3,2021-11-28,Sub Sale,99 yrs
TXN00839,Marina Heights,D01,1420000,980.0,1448.98,2023-08-31,Sub Sale,99 yrs
TXN01607,Emerald Vista,D21,2610000,1233.0,2116.79,2021-09-15,Resale,Freehold
TXN00939,Rivervale Gardens,D19,1590000,684.58,2322.58,2025-02-13,Sub Sale,Freehold
TXN00656,The Botanica,D23,1680000,1048.4,1602.44,2025-05-24,New Sale,99 yrs
TXN00525,Rivervale Gardens,D19,1950000,1147.0,1700.09,2021-06-01,New Sale,Freehold
TXN01375,The Seaview Residences,D15,2110000,993.51,2123.79,2025-02-11,Sub Sale,Freehold
TXN00389,Rivervale Gardens,D19,3520000,1799.0,1956.64,2023-06-05,Resale,99 yrs
TXN00608,Skyline Residences,D19,2110000,1555.38,1356.58,2025-11-28,New Sale,Freehold
TXN01189,The Arcadia,D10,1000000,596.32,1676.95,2021-06-05,New Sale,99 yrs
TXN00540,The Seaview Residences,D15,2970000,1400.38,2120.85,2021-08-04,New Sale,99 yrs
TXN00625,Rivervale Gardens,D19,2560000,1596.29,1603.72,2023-04-01,Sub Sale,99 yrs
TXN01153,Cedar Park,D16,4350000,2059.13,2112.54,2021-10-05,Sub Sale,99 yrs
TXN00269,Emerald Vista,D21,3720000,1907.36,1950.34,2023-02-27,Resale,Freehold
TXN00049,Harbourfront Suites,D04,1690000,1178.65,1433.85,2021-10-16,Sub Sale,99 yrs
TXN01572,Marina Heights,D01,1700000,950.45,1788.62,2022-12-30,New Sale,99 yrs
TXN01155,Skyline Residences,D19,2290000,1423.0,1609.28,2024-12-25,New Sale,99 yrs
TXN01451,Rivervale Gardens,D19,1200000,573.72,2091.63,2023-04-13,Resale,Freehold
TXN00551,The Botanica,D23,950000,858.96,1105.99,2024-03-05,Resale,99 yrs
TXN01345,Marina Heights,D01,1450000,880.0,1647.73,2022-12-05,New Sale,99 yrs
TXN01564,Rivervale Gardens,D19,1090000,804.0,1355.72,2022-09-01,Sub Sale,Freehold
TXN01343,The Arcadia,D10,1110000,923.0,1202.6,2021-10-03,Resale,Freehold
TXN00223,Parkview Residences,D14,2530000,1442.0,1754.51,2022-06-07,Sub Sale,99 yrs
TXN00793,The Arcadia,D10,810000,496.0,1633.06,2025-04-20,Sub Sale,99 yrs
TXN01647,Skyline Residences,D19,700000,508.06,1377.8,2024-08-23,Resale,99 yrs
TXN00342,Orchard Grand,D09,3670000,2147.4,1709.05,2025-11-20,Resale,Freehold
TXN01041,The Botanica,D23,1270000,703.96,1804.08,2023-07-08,Resale,Freehold
TXN00282,The Botanica,D23,2310000,1287.0,1794.87,2024-10-20,Sub Sale,99 yrs
TXN01508,Harbourfront Suites,D04,1300000,790.07,1645.42,2023-10-28,Resale,99 yrs
TXN00903,Parkview Residences,D14,1010000,874.03,1155.57,2024-08-21,New Sale,99 yrs
TXN00174,Skyline Residences,D19,1730000,1326.0,1304.68,2025-07-24,New Sale,Freehold
TXN01487,Emerald Vista,D21,670000,478.0,1401.67,2025-03-18,Sub Sale,Freehold
TXN00820,Harbourfront Suites,D04,1750000,875.0,2000.0,2023-08-30,Sub Sale,99 yrs
TXN00504,Cedar Park,D16,3020000,2121.56,1423.48,2022-10-25,Resale,Freehold
TXN00183,The Arcadia,D10,1720000,1122.0,1532.98,2023-10-29,Sub Sale,Freehold
TXN01177,Emerald Vista,D21,1570000,658.0,2386.02,2023-09-07,Resale,Freehold
TXN00848,Skyline Residences,D19,850000,456.0,1864.04,2021-01-04,Resale,Freehold
TXN01018,The Seaview Residences,D15,1090000,740.56,1471.87,2024-10-21,New Sale,99 yrs
TXN00905,Cedar Park,D16,3710000,1825.56,2032.26,2023-03-22,Sub Sale,Freehold
TXN00957,Cedar Park,D16,880000,750.24,1172.95,2024-03-28,Sub Sale,99 yrs
TXN00567,The Botanica,D23,1280000,657.67,1946.25,2021-07-18,Resale,Freehold
TXN00248,Harbourfront Suites,D04,2450000,1444.52,1696.07,2024-09-06,New Sale,99 yrs
TXN00672,The Arcadia,D10,1680000,899.86,1866.95,2024-09-11,Sub Sale,99 yrs
TXN00152,Cedar Park,D16,730000,571.0,1278.46,2022-12-19,Sub Sale,Freehold
TXN01461,Lakeside Grandeur,D22,2740000,1275.52,2148.14,2024-10-31,Sub Sale,Freehold
TXN00347,Lakeside Grandeur,D22,2280000,1200.17,1899.72,2024-09-28,Resale,Freehold
TXN01670,Emerald Vista,D21,690000,587.71,1174.05,2023-02-04,New Sale,99 yrs
TXN01035,The Seaview Residences,D15,1330000,663.06,2005.86,2024-04-04,Resale,Freehold
TXN01482,Cedar Park,D16,1030000,658.75,1563.57,2024-11-07,Resale,99 yrs
TXN00328,Rivervale Gardens,D19,660000,531.74,1241.22,2025-10-04,Sub Sale,99 yrs
TXN00729,Skyline Residences,D19,630000,557.0,1131.06,2025-11-15,New Sale,Freehold
TXN01026,Parkview Residences,D14,1180000,713.65,1653.48,2022-10-04,Resale,99 yrs
TXN00148,Parkview Residences,D14,1120000,700.73,1598.33,2025-09-15,Resale,Freehold
TXN01237,Rivervale Gardens,D19,1080000,937.0,1152.61,2021-06-15,Sub Sale,Freehold
TXN01110,Parkview Residences,D14,2810000,1421.91,1976.21,2021-12-06,New Sale,99 yrs
TXN00599,The Seaview Residences,D15,1300000,935.38,1389.81,2021-11-20,New Sale,99 yrs
TXN01276,Emerald Vista,D21,3200000,1534.0,2086.05,2022-03-06,Resale,99 yrs
TXN00582,Lakeside Grandeur,D22,700000,550.04,1272.65,2022-09-07,Sub Sale,Freehold
TXN00311,Rivervale Gardens,D19,1320000,610.0,2163.93,2022-11-03,New Sale,Freehold
TXN00816,Marina Heights,D01,740000,551.0,1343.01,2023-02-22,Resale,Freehold
TXN01638,Parkview Residences,D14,3580000,1502.64,2382.47,2024-06-23,Sub Sale,Freehold
TXN00935,Orchard Grand,D09,1260000,1139.9,1105.36,2021-05-03,Sub Sale,Freehold
TXN00127,Parkview Residences,D14,1370000,754.55,1815.65,2022-08-16,Sub Sale,99 yrs
TXN01138,Parkview Residences,D14,1840000,990.28,1858.06,2025-08-10,Resale,99 yrs
TXN01709,Lakeside Grandeur,D22,1780000,799.0,2227.78,2024-01-30,New Sale,99 yrs
TXN01027,Emerald Vista,D21,1200000,1063.47,1128.38,2023-07-07,Sub Sale,Freehold
TXN00757,Emerald Vista,D21,1710000,1328.27,1287.39,2025-11-03,Sub Sale,Freehold
TXN00112,Lakeside Grandeur,D22,1250000,541.0,2310.54,2024-10-18,New Sale,99 yrs
TXN00512,The Seaview Residences,D15,1570000,1150.0,1365.22,2024-01-19,Sub Sale,99 yrs
TXN00098,Cedar Park,D16,3200000,2071.0,1545.15,2023-12-18,Resale,99 yrs
TXN00702,Skyline Residences,D19,2860000,1287.36,2221.6,2024-09-14,Sub Sale,99 yrs
TXN01294,Orchard Grand,D09,1550000,1090.0,1422.02,2021-12-11,Resale,Freehold
TXN00676,Emerald Vista,D21,1450000,614.62,2359.19,2023-11-03,Sub Sale,Freehold
TXN01574,Emerald Vista,D21,1120000,639.0,1752.74,2023-03-12,Resale,99 yrs
TXN00918,The Seaview Residences,D15,4400000,1873.99,2347.93,2022-08-03,Resale,Freehold
TXN01412,Orchard Grand,D09,1900000,1001.04,1898.02,2024-03-28,New Sale,Freehold
TXN00259,Cedar Park,D16,1820000,1396.08,1303.65,2021-01-09,Sub Sale,Freehold
TXN00703,The Botanica,D23,1750000,1560.0,1121.79,2024-01-26,Resale,99 yrs
TXN00611,Lakeside Grandeur,D22,1180000,743.79,1586.48,2024-03-20,New Sale,Freehold
TXN01456,Rivervale Gardens,D19,900000,734.0,1226.16,2024-11-21,Sub Sale,Freehold
TXN00319,Emerald Vista,D21,1000000,555.42,1800.45,2025-09-18,New Sale,Freehold
TXN01592,Marina Heights,D01,1180000,1010.73,1167.47,2024-07-10,Sub Sale,99 yrs
TXN00221,The Botanica,D23,760000,449.93,1689.15,2021-01-19,Sub Sale,99 yrs
TXN01521,Parkview Residences,D14,1620000,910.63,1779.0,2022-11-29,Sub Sale,Freehold
TXN01642,The Botanica,D23,910000,460.69,1975.28,2023-07-06,New Sale,99 yrs
TXN01411,Cedar Park,D16,3900000,2149.0,1814.8,2024-12-23,Resale,99 yrs
TXN01297,Emerald Vista,D21,2410000,1020.42,2361.78,2022-12-30,New Sale,99 yrs
TXN00707,Skyline Residences,D19,2680000,1402.54,1910.82,2024-04-06,Resale,99 yrs
TXN00448,Skyline Residences,D19,1460000,1325.04,1101.86,2022-04-08,Sub Sale,99 yrs
TXN00740,Lakeside Grandeur,D22,3270000,1444.52,2263.73,2022-10-09,Sub Sale,99 yrs
TXN01710,Marina Heights,D01,1560000,683.51,2282.34,2023-08-07,Resale,Freehold
TXN00461,Emerald Vista,D21,2360000,1043.02,2262.66,2023-06-22,New Sale,Freehold
TXN00064,Skyline Residences,D19,3430000,2064.52,1661.41,2021-03-19,New Sale,99 yrs
TXN00570,Marina Heights,D01,2530000,1870.77,1352.39,2022-01-01,Sub Sale,Freehold
TXN01232,Parkview Residences,D14,1060000,641.53,1652.3,2025-03-01,Sub Sale,99 yrs
TXN01368,Cedar Park,D16,1130000,923.54,1223.55,2024-09-25,Sub Sale,Freehold
TXN00355,Harbourfront Suites,D04,1030000,480.07,2145.52,2023-07-18,Sub Sale,99 yrs
TXN01469,Skyline Residences,D19,1920000,1276.0,1504.7,2022-10-09,Resale,Freehold
TXN00101,Rivervale Gardens,D19,3480000,1919.2,1813.25,2025-06-09,New Sale,Freehold
TXN01252,Orchard Grand,D09,880000,685.0,1284.67,2024-06-27,New Sale,99 yrs
TXN01007,Skyline Residences,D19,1220000,720.0,1694.44,2024-05-15,New Sale,99 yrs
TXN01401,The Seaview Residences,D15,1720000,1381.0,1245.47,2022-10-31,Sub Sale,Freehold
TXN00412,The Arcadia,D10,2760000,1979.0,1394.64,2025-09-01,Resale,Freehold
TXN01721,The Arcadia,D10,2710000,2173.23,1246.99,2021-07-17,Sub Sale,99 yrs
TXN00689,Lakeside Grandeur,D22,760000,455.31,1669.18,2024-02-06,Resale,Freehold
TXN00574,Marina Heights,D01,2120000,906.0,2339.96,2025-03-14,Sub Sale,99 yrs
TXN01056,Parkview Residences,D14,3170000,1665.0,1903.9,2024-03-07,Resale,Freehold
TXN01191,Orchard Grand,D09,4400000,1960.0,2244.9,2023-11-23,Sub Sale,Freehold
TXN00669,Parkview Residences,D14,3240000,2060.21,1572.65,2025-08-08,New Sale,99 yrs
TXN00849,The Seaview Residences,D15,2150000,1098.99,1956.33,2021-11-23,Resale,99 yrs
TXN00325,The Arcadia,D10,1110000,761.01,1458.59,2023-10-02,Sub Sale,Freehold
TXN00505,Parkview Residences,D14,1820000,974.13,1868.33,2021-09-30,Resale,Freehold
TXN01332,The Botanica,D23,1400000,924.62,1514.14,2023-12-19,Resale,99 yrs
TXN00151,Orchard Grand,D09,1860000,1078.54,1724.55,2025-10-09,Resale,99 yrs
TXN01039,Cedar Park,D16,1610000,1101.15,1462.11,2025-03-21,Sub Sale,Freehold
TXN00359,Orchard Grand,D09,1130000,673.82,1677.01,2021-05-19,New Sale,Freehold
TXN01561,Parkview Residences,D14,2120000,942.0,2250.53,2024-05-07,Sub Sale,Freehold
TXN01263,Cedar Park,D16,830000,726.56,1142.36,2022-02-23,New Sale,Freehold
TXN01646,The Seaview Residences,D15,1160000,772.85,1500.94,2021-02-28,Resale,99 yrs
TXN01334,Orchard Grand,D09,2610000,1305.66,1998.99,2021-12-20,New Sale,99 yrs
TXN00804,Cedar Park,D16,1130000,656.0,1722.56,2021-02-16,Sub Sale,99 yrs
TXN00469,Skyline Residences,D19,980000,503.0,1948.31,2023-10-28,Sub Sale,99 yrs
TXN00806,Orchard Grand,D09,2240000,1267.0,1767.96,2025-09-30,Resale,99 yrs
TXN00789,Lakeside Grandeur,D22,2880000,1223.86,2353.22,2021-06-19,New Sale,99 yrs
TXN00869,Marina Heights,D01,4130000,2170.0,1903.23,2024-09-07,Resale,99 yrs
TXN01707,Marina Heights,D01,1070000,927.85,1153.21,2025-06-07,New Sale,99 yrs
TXN01306,Rivervale Gardens,D19,2340000,1021.49,2290.76,2022-04-09,Resale,99 yrs
TXN00429,Skyline Residences,D19,700000,572.0,1223.78,2024-10-18,New Sale,99 yrs
TXN01235,Marina Heights,D01,1310000,1044.1,1254.67,2022-04-01,Resale,99 yrs
TXN01738,Orchard Grand,D09,2870000,2186.15,1312.81,2023-10-25,New Sale,99 yrs
TXN00336,Skyline Residences,D19,1720000,1190.49,1444.79,2024-10-04,New Sale,Freehold
TXN01344,The Seaview Residences,D15,1260000,636.0,1981.13,2021-05-31,Resale,99 yrs
TXN00193,Orchard Grand,D09,1050000,471.46,2227.13,2021-11-26,Sub Sale,99 yrs
TXN00211,Harbourfront Suites,D04,1120000,584.48,1916.23,2022-12-26,Resale,99 yrs
TXN01455,Skyline Residences,D19,2040000,927.85,2198.64,2022-05-05,New Sale,Freehold
TXN00132,Orchard Grand,D09,1760000,1341.0,1312.45,2021-05-21,Sub Sale,99 yrs
TXN01362,Lakeside Grandeur,D22,1250000,647.0,1931.99,2023-05-12,New Sale,Freehold
TXN01331,Emerald Vista,D21,2720000,1302.43,2088.4,2024-10-11,New Sale,Freehold
TXN00686,Lakeside Grandeur,D22,2510000,1228.16,2043.71,2022-02-26,Resale,Freehold
TXN01152,Marina Heights,D01,2760000,1237.0,2231.2,2021-05-06,Sub Sale,99 yrs
TXN01355,Emerald Vista,D21,1890000,883.0,2140.43,2022-11-29,Resale,99 yrs
TXN00285,Lakeside Grandeur,D22,1480000,1331.49,1111.53,2024-11-18,Resale,Freehold
TXN00846,The Arcadia,D10,1280000,797.6,1604.8,2023-05-13,Resale,Freehold
TXN01036,Marina Heights,D01,740000,475.0,1557.89,2022-09-03,Resale,99 yrs
TXN00675,Skyline Residences,D19,4100000,1951.0,2101.49,2022-06-01,Resale,99 yrs
TXN01194,Harbourfront Suites,D04,1770000,1256.15,1409.07,2023-09-08,Sub Sale,Freehold
TXN01475,Harbourfront Suites,D04,640000,505.9,1265.06,2024-12-10,Resale,99 yrs
TXN01441,Orchard Grand,D09,890000,621.08,1432.99,2021-05-12,Sub Sale,Freehold
TXN01378,Rivervale Gardens,D19,1450000,1028.0,1410.51,2025-01-26,Resale,Freehold
TXN01544,Cedar Park,D16,730000,466.0,1566.52,2022-03-08,New Sale,99 yrs
TXN01407,Emerald Vista,D21,3630000,2192.61,1655.56,2022-11-28,Sub Sale,99 yrs
TXN00007,Harbourfront Suites,D04,1510000,703.96,2145.01,2024-05-11,Resale,Freehold
TXN01107,The Seaview Residences,D15,1820000,1128.06,1613.39,2021-10-15,Resale,Freehold
TXN00498,Parkview Residences,D14,2510000,1302.0,1927.8,2021-04-23,New Sale,Freehold
TXN00027,Rivervale Gardens,D19,1010000,491.91,2053.22,2022-11-23,New Sale,99 yrs
TXN00310,The Seaview Residences,D15,1750000,794.38,2202.99,2024-11-30,New Sale,Freehold
TXN01542,Marina Heights,D01,2880000,2192.61,1313.51,2023-09-29,New Sale,Freehold
TXN01415,Orchard Grand,D09,3150000,1554.31,2026.63,2022-05-26,Sub Sale,99 yrs
TXN01055,Orchard Grand,D09,1430000,1233.54,1159.26,2024-03-03,Sub Sale,99 yrs
TXN01141,Cedar Park,D16,990000,767.47,1289.96,2022-07-02,Resale,99 yrs
TXN01719,Cedar Park,D16,800000,483.3,1655.29,2022-07-11,New Sale,Freehold
TXN01612,Lakeside Grandeur,D22,1330000,745.0,1785.23,2025-08-28,Sub Sale,99 yrs
TXN01485,Skyline Residences,D19,4770000,2059.13,2316.51,2021-08-26,Resale,Freehold
TXN01400,Orchard Grand,D09,710000,470.38,1509.41,2025-04-11,Resale,Freehold
TXN00261,Marina Heights,D01,1980000,1176.49,1682.97,2021-04-14,New Sale,Freehold
TXN00666,Rivervale Gardens,D19,1010000,677.0,1491.88,2025-04-27,New Sale,Freehold
TXN01626,Emerald Vista,D21,690000,627.54,1099.54,2024-03-05,Resale,Freehold
TXN01533,Marina Heights,D01,870000,640.0,1359.38,2025-06-07,Resale,Freehold
TXN00424,Lakeside Grandeur,D22,980000,570.49,1717.83,2021-09-21,Resale,99 yrs
TXN00781,The Seaview Residences,D15,1960000,1627.5,1204.3,2025-01-30,Sub Sale,99 yrs
TXN01423,The Arcadia,D10,680000,584.48,1163.43,2023-05-19,Resale,99 yrs
TXN00624,The Arcadia,D10,1720000,725.49,2370.82,2024-04-23,Resale,Freehold
TXN00911,Cedar Park,D16,2620000,1096.84,2388.68,2025-10-26,Resale,Freehold
TXN00357,Harbourfront Suites,D04,3510000,2142.02,1638.64,2025-02-07,Resale,Freehold
TXN01073,The Arcadia,D10,1060000,691.04,1533.91,2022-05-04,Sub Sale,Freehold
TXN01571,Orchard Grand,D09,2160000,1889.0,1143.46,2021-10-30,New Sale,Freehold
TXN00632,Orchard Grand,D09,900000,484.38,1858.06,2025-04-23,Resale,Freehold
TXN01541,Emerald Vista,D21,1140000,607.08,1877.83,2024-04-01,Sub Sale,Freehold
TXN00447,Lakeside Grandeur,D22,580000,454.0,1277.53,2022-11-11,Resale,Freehold
TXN00038,The Seaview Residences,D15,1640000,1276.0,1285.27,2023-11-29,New Sale,Freehold
TXN00417,Marina Heights,D01,770000,541.42,1422.18,2023-12-03,New Sale,Freehold
TXN00961,Harbourfront Suites,D04,680000,590.0,1152.54,2022-09-10,New Sale,Freehold
TXN00327,The Seaview Residences,D15,3310000,2092.5,1581.84,2025-05-06,Resale,Freehold
TXN00073,Skyline Residences,D19,2930000,1838.47,1593.71,2024-03-14,Sub Sale,Freehold
TXN01454,Skyline Residences,D19,2430000,1192.0,2038.59,2022-07-25,Sub Sale,99 yrs
TXN00018,Orchard Grand,D09,3990000,2051.0,1945.39,2025-11-22,Resale,Freehold
TXN01637,The Seaview Residences,D15,1880000,1130.21,1663.41,2023-11-11,Sub Sale,99 yrs
TXN00004,Lakeside Grandeur,D22,1100000,537.12,2047.96,2022-04-15,New Sale,Freehold
TXN00133,Lakeside Grandeur,D22,1880000,1393.0,1349.61,2022-07-22,Resale,Freehold
TXN01640,Cedar Park,D16,1130000,936.0,1207.26,2022-07-01,New Sale,Freehold
TXN00634,Lakeside Grandeur,D22,1560000,659.0,2367.22,2024-02-11,New Sale,99 yrs
TXN01067,The Seaview Residences,D15,3540000,1787.88,1979.99,2025-06-10,Resale,Freehold
TXN01246,Cedar Park,D16,2650000,1355.18,1955.47,2021-07-01,Sub Sale,99 yrs
TXN00341,The Botanica,D23,1040000,867.57,1198.75,2021-07-13,New Sale,99 yrs
TXN00593,Parkview Residences,D14,3120000,1580.14,1974.51,2024-08-31,Sub Sale,99 yrs
TXN01498,Cedar Park,D16,2680000,1885.0,1421.75,2022-02-10,Sub Sale,Freehold
TXN01271,Cedar Park,D16,920000,607.0,1515.65,2021-05-02,Resale,Freehold
TXN00802,Lakeside Grandeur,D22,2680000,1398.0,1917.02,2025-11-11,New Sale,99 yrs
TXN00766,Marina Heights,D01,1030000,737.0,1397.56,2025-09-24,New Sale,Freehold
TXN00932,The Arcadia,D10,1830000,1345.0,1360.59,2025-07-15,Resale,99 yrs
TXN01005,Rivervale Gardens,D19,1180000,645.83,1827.09,2021-05-16,Resale,Freehold
TXN00723,The Botanica,D23,1520000,843.89,1801.18,2023-04-14,New Sale,99 yrs
TXN01510,The Seaview Residences,D15,1370000,808.0,1695.54,2023-09-04,New Sale,99 yrs
TXN00423,Harbourfront Suites,D04,1180000,1075.31,1097.35,2021-10-14,Sub Sale,Freehold
TXN00964,Emerald Vista,D21,1500000,684.58,2191.11,2022-03-21,Sub Sale,99 yrs
TXN00855,The Seaview Residences,D15,1000000,698.0,1432.66,2021-05-29,Resale,Freehold
TXN00714,Lakeside Grandeur,D22,1420000,1280.9,1108.59,2023-12-24,New Sale,99 yrs
TXN00387,Harbourfront Suites,D04,1080000,922.47,1170.77,2023-02-20,Resale,99 yrs
TXN00025,Skyline Residences,D19,1080000,767.47,1407.23,2023-02-05,New Sale,99 yrs
TXN00395,The Seaview Residences,D15,1200000,643.0,1866.25,2025-08-08,Resale,99 yrs
TXN00356,The Arcadia,D10,1620000,916.01,1768.54,2025-08-24,Resale,99 yrs
TXN00308,Marina Heights,D01,2040000,1033.33,1974.19,2022-07-02,Sub Sale,99 yrs
TXN01615,The Seaview Residences,D15,1760000,987.05,1783.09,2023-01-07,Resale,99 yrs
TXN00861,Emerald Vista,D21,3000000,1268.0,2365.93,2024-02-03,Sub Sale,Freehold
TXN00010,Lakeside Grandeur,D22,4520000,1990.0,2271.36,2021-07-18,New Sale,99 yrs
TXN00796,The Arcadia,D10,3280000,1905.21,1721.59,2025-06-05,New Sale,Freehold
TXN00464,Parkview Residences,D14,1280000,643.68,1988.56,2022-07-07,Resale,Freehold
TXN00709,The Seaview Residences,D15,1150000,547.88,2098.99,2025-08-31,Resale,Freehold
TXN01367,Marina Heights,D01,1240000,552.0,2246.38,2022-08-03,Sub Sale,99 yrs
TXN00744,Skyline Residences,D19,3130000,1307.81,2393.31,2024-08-10,New Sale,99 yrs
TXN01074,Emerald Vista,D21,1240000,527.43,2351.02,2025-11-11,New Sale,99 yrs
TXN01714,Rivervale Gardens,D19,3340000,1659.79,2012.3,2025-02-18,Resale,Freehold
TXN00035,Skyline Residences,D19,2170000,935.38,2319.91,2025-10-28,New Sale,99 yrs
TXN01335,Marina Heights,D01,870000,523.13,1663.08,2024-12-20,New Sale,99 yrs
TXN01398,Cedar Park,D16,1490000,738.0,2018.97,2023-07-23,Sub Sale,Freehold
TXN00956,The Botanica,D23,3190000,1703.0,1873.17,2025-07-25,Sub Sale,Freehold
TXN00500,Marina Heights,D01,1310000,692.0,1893.06,2025-09-20,Sub Sale,99 yrs
TXN01691,The Botanica,D23,3290000,1666.25,1974.49,2024-05-28,New Sale,99 yrs
TXN01241,Cedar Park,D16,2120000,911.0,2327.11,2023-03-07,Sub Sale,Freehold
TXN01543,Skyline Residences,D19,1610000,695.35,2315.39,2022-01-02,Resale,99 yrs
TXN00222,Rivervale Gardens,D19,3930000,2097.88,1873.32,2022-08-07,New Sale,99 yrs
TXN00418,The Seaview Residences,D15,1470000,1066.7,1378.08,2025-02-14,New Sale,99 yrs
TXN00800,Harbourfront Suites,D04,1650000,1456.36,1132.96,2021-08-13,New Sale,99 yrs
TXN00227,Lakeside Grandeur,D22,1060000,480.07,2208.01,2025-07-08,Resale,99 yrs
TXN00021,Rivervale Gardens,D19,1630000,1202.0,1356.07,2023-04-12,New Sale,Freehold
TXN01570,Cedar Park,D16,2180000,1326.11,1643.9,2025-06-03,Resale,Freehold
TXN01472,Cedar Park,D16,1620000,744.86,2174.9,2022-12-31,Resale,Freehold
TXN01201,Parkview Residences,D14,2670000,1576.0,1694.16,2021-08-09,New Sale,Freehold
TXN00831,Parkview Residences,D14,740000,643.68,1149.64,2022-02-01,New Sale,Freehold
TXN00577,The Botanica,D23,600000,520.97,1151.69,2024-03-08,New Sale,99 yrs
TXN00989,The Seaview Residences,D15,960000,696.42,1378.47,2021-11-02,Resale,99 yrs
TXN00275,Lakeside Grandeur,D22,2060000,941.84,2187.21,2022-07-08,New Sale,99 yrs
TXN00247,Emerald Vista,D21,1610000,856.81,1879.07,2023-03-12,New Sale,99 yrs
TXN00009,Cedar Park,D16,2340000,1502.64,1557.26,2021-01-15,Resale,99 yrs
TXN00482,Lakeside Grandeur,D22,1000000,641.53,1558.78,2022-09-04,Resale,99 yrs
TXN00273,Lakeside Grandeur,D22,3250000,2051.0,1584.59,2024-04-05,New Sale,Freehold
TXN00513,Harbourfront Suites,D04,2590000,1173.27,2207.51,2022-07-27,Resale,Freehold
TXN00865,Harbourfront Suites,D04,730000,630.76,1157.33,2022-09-15,Resale,99 yrs
TXN00161,The Seaview Residences,D15,1110000,809.0,1372.06,2022-05-26,Resale,Freehold
TXN01499,Marina Heights,D01,1320000,562.95,2344.78,2022-03-05,Sub Sale,Freehold
TXN01154,Emerald Vista,D21,1750000,1396.08,1253.51,2023-02-19,Resale,99 yrs
TXN01667,The Botanica,D23,2240000,1165.0,1922.75,2024-05-23,Resale,Freehold
TXN00370,Skyline Residences,D19,3130000,1405.0,2227.76,2022-06-16,Sub Sale,99 yrs
TXN00376,Rivervale Gardens,D19,2160000,1049.48,2058.16,2021-04-28,New Sale,99 yrs
TXN01702,Lakeside Grandeur,D22,2120000,954.76,2220.46,2024-11-08,Resale,99 yrs
TXN01169,Orchard Grand,D09,1990000,1237.85,1607.63,2025-09-29,New Sale,Freehold
TXN00797,The Arcadia,D10,2480000,1545.7,1604.46,2022-01-05,Resale,99 yrs
TXN00420,Lakeside Grandeur,D22,1650000,687.0,2401.75,2023-09-29,Resale,Freehold
TXN01452,Marina Heights,D01,1470000,905.24,1623.87,2022-03-24,New Sale,99 yrs
TXN00533,Orchard Grand,D09,3090000,1952.57,1582.53,2024-02-26,Sub Sale,Freehold
TXN00105,Marina Heights,D01,2810000,1278.75,2197.46,2025-11-25,Sub Sale,Freehold
TXN01285,The Arcadia,D10,1550000,1266.91,1223.45,2025-06-27,New Sale,99 yrs
TXN01014,Rivervale Gardens,D19,1350000,584.48,2309.75,2022-06-16,Resale,99 yrs
TXN00332,Emerald Vista,D21,1060000,948.3,1117.79,2024-12-21,Resale,99 yrs
TXN00712,Lakeside Grandeur,D22,1330000,934.31,1423.52,2022-01-18,Sub Sale,Freehold
TXN00120,Parkview Residences,D14,1130000,661.98,1707.0,2025-05-26,New Sale,Freehold
TXN00460,Marina Heights,D01,820000,727.64,1126.93,2021-12-14,Resale,99 yrs
TXN00871,Cedar Park,D16,3570000,1581.22,2257.75,2021-12-10,Resale,99 yrs
TXN01171,Orchard Grand,D09,2420000,1703.0,1421.02,2022-11-09,New Sale,99 yrs
TXN00175,The Seaview Residences,D15,950000,519.9,1827.29,2021-08-22,New Sale,Freehold
TXN01515,The Arcadia,D10,2140000,1016.11,2106.07,2022-02-03,Resale,99 yrs
TXN00837,The Arcadia,D10,3300000,1817.0,1816.18,2021-09-19,Sub Sale,Freehold
TXN01243,Marina Heights,D01,2190000,1170.04,1871.74,2021-09-20,New Sale,99 yrs
TXN01286,Cedar Park,D16,4980000,2105.42,2365.33,2023-10-14,Sub Sale,Freehold
TXN01040,The Botanica,D23,3820000,2128.0,1795.11,2024-06-23,Resale,99 yrs
TXN01695,The Arcadia,D10,960000,477.92,2008.72,2025-10-02,Sub Sale,99 yrs
TXN01170,Orchard Grand,D09,1760000,1144.2,1538.19,2022-07-01,New Sale,99 yrs
TXN00987,Emerald Vista,D21,640000,499.0,1282.57,2021-04-11,Sub Sale,99 yrs
TXN01077,Orchard Grand,D09,1670000,810.52,2060.4,2022-08-30,Sub Sale,99 yrs
TXN00623,The Seaview Residences,D15,1400000,616.77,2269.88,2022-01-08,New Sale,99 yrs
TXN01134,Harbourfront Suites,D04,3350000,1460.66,2293.48,2024-01-01,Sub Sale,99 yrs
TXN00996,The Seaview Residences,D15,3980000,1762.05,2258.73,2022-09-22,Sub Sale,Freehold
TXN01188,The Seaview Residences,D15,1010000,545.73,1850.73,2021-08-06,New Sale,99 yrs
TXN01434,The Seaview Residences,D15,1540000,690.0,2231.88,2022-12-14,Sub Sale,99 yrs
TXN01557,The Arcadia,D10,3490000,1693.0,2061.43,2024-05-13,Sub Sale,99 yrs
TXN01720,The Botanica,D23,1630000,679.2,2399.87,2024-03-28,Resale,Freehold
TXN01143,Rivervale Gardens,D19,1500000,932.15,1609.18,2022-02-09,New Sale,Freehold
TXN00639,Parkview Residences,D14,1980000,1031.0,1920.47,2025-04-11,Sub Sale,99 yrs
TXN01514,Cedar Park,D16,820000,632.0,1297.47,2025-06-17,Resale,Freehold
TXN01732,The Botanica,D23,1790000,1354.0,1322.01,2023-01-05,New Sale,Freehold
TXN00924,Harbourfront Suites,D04,2740000,1618.89,1692.52,2024-11-04,Resale,99 yrs
TXN01163,The Seaview Residences,D15,780000,461.77,1689.15,2025-05-31,Sub Sale,Freehold
TXN00880,Skyline Residences,D19,2420000,1307.0,1851.57,2022-04-24,Resale,Freehold
TXN01453,Emerald Vista,D21,990000,609.24,1624.98,2024-03-31,Sub Sale,99 yrs
TXN00298,Orchard Grand,D09,870000,732.0,1188.52,2024-09-25,Resale,99 yrs
TXN00167,Marina Heights,D01,2160000,1214.0,1779.24,2021-04-20,New Sale,Freehold
TXN00264,Skyline Residences,D19,1670000,971.98,1718.14,2024-01-28,New Sale,99 yrs
TXN01216,Lakeside Grandeur,D22,1690000,1406.84,1201.27,2022-06-03,New Sale,Freehold
TXN00828,Skyline Residences,D19,2540000,1176.49,2158.96,2022-06-27,Sub Sale,99 yrs
TXN01244,Rivervale Gardens,D19,1640000,695.35,2358.53,2024-04-06,Sub Sale,99 yrs
TXN00809,Skyline Residences,D19,2110000,1256.0,1679.94,2025-09-10,New Sale,99 yrs
TXN00765,Lakeside Grandeur,D22,610000,522.05,1168.47,2023-06-09,Resale,Freehold
TXN00305,Cedar Park,D16,2160000,1303.51,1657.07,2023-11-19,Resale,Freehold
TXN01047,Skyline Residences,D19,1990000,1025.8,1939.95,2023-11-07,New Sale,Freehold
TXN00153,Rivervale Gardens,D19,2820000,1353.0,2084.26,2021-02-11,Resale,99 yrs
TXN00761,Skyline Residences,D19,1100000,918.16,1198.05,2024-03-21,Sub Sale,99 yrs
TXN00535,Cedar Park,D16,1040000,475.0,2189.47,2025-06-30,New Sale,99 yrs
TXN00270,Rivervale Gardens,D19,2580000,1393.93,1850.89,2023-08-11,Sub Sale,Freehold
TXN00385,Rivervale Gardens,D19,3720000,1732.99,2146.58,2023-08-30,Sub Sale,99 yrs
TXN00851,Cedar Park,D16,1850000,1639.34,1128.5,2021-10-13,New Sale,99 yrs
TXN00685,The Botanica,D23,1220000,814.83,1497.25,2022-06-25,Sub Sale,99 yrs
TXN01203,Orchard Grand,D09,1510000,1290.0,1170.54,2022-09-15,Resale,Freehold
TXN00425,Rivervale Gardens,D19,1240000,753.47,1645.71,2023-10-05,New Sale,99 yrs
TXN00449,The Botanica,D23,2280000,1241.08,1837.11,2024-05-13,Resale,Freehold
TXN00147,Marina Heights,D01,1210000,658.75,1836.81,2022-04-01,Sub Sale,Freehold
TXN00847,Marina Heights,D01,1010000,683.51,1477.67,2023-06-16,Resale,Freehold
TXN01425,The Arcadia,D10,1160000,732.0,1584.7,2025-05-23,Resale,Freehold
TXN00245,Emerald Vista,D21,1490000,1092.54,1363.8,2024-06-05,Sub Sale,99 yrs
TXN00700,The Seaview Residences,D15,1820000,977.36,1862.16,2024-05-10,Sub Sale,Freehold
TXN00029,Parkview Residences,D14,920000,609.24,1510.09,2025-06-19,New Sale,99 yrs
TXN01310,The Botanica,D23,3180000,1510.0,2105.96,2025-01-01,Resale,Freehold
TXN00835,Skyline Residences,D19,3120000,1445.59,2158.29,2021-08-10,New Sale,99 yrs
TXN00514,Orchard Grand,D09,1160000,570.49,2033.35,2022-08-09,New Sale,99 yrs
TXN00795,Emerald Vista,D21,1060000,689.97,1536.31,2025-12-09,Resale,99 yrs
TXN00490,Cedar Park,D16,600000,540.0,1111.11,2021-08-13,Sub Sale,99 yrs
TXN00862,Lakeside Grandeur,D22,1580000,1004.27,1573.28,2024-05-15,Resale,Freehold
TXN00491,Skyline Residences,D19,1270000,604.93,2099.41,2023-07-29,New Sale,Freehold
TXN01159,Lakeside Grandeur,D22,1700000,905.24,1877.95,2025-05-13,Resale,Freehold
TXN00089,Cedar Park,D16,2360000,2084.97,1131.91,2025-06-20,Sub Sale,99 yrs
TXN00618,The Arcadia,D10,4850000,2076.0,2336.22,2022-07-06,New Sale,Freehold
TXN00850,Emerald Vista,D21,1470000,636.15,2310.79,2023-12-02,Resale,99 yrs
TXN00863,Orchard Grand,D09,1040000,657.0,1582.95,2024-09-27,New Sale,Freehold
TXN00166,Cedar Park,D16,1790000,976.0,1834.02,2021-09-20,Sub Sale,99 yrs
TXN00852,Lakeside Grandeur,D22,1180000,801.0,1473.16,2021-10-10,Resale,Freehold
TXN01712,The Botanica,D23,1020000,473.0,2156.45,2021-10-12,Sub Sale,99 yrs
TXN00748,Harbourfront Suites,D04,850000,583.4,1456.97,2023-12-19,New Sale,99 yrs
